-- MySQL dump 10.13  Distrib 8.0.42, for Win64 (x86_64)
--
-- Host: 127.0.0.1    Database: fantasydatabase
-- ------------------------------------------------------
-- Server version	8.0.32

/*!40101 SET @OLD_CHARACTER_SET_CLIENT=@@CHARACTER_SET_CLIENT */;
/*!40101 SET @OLD_CHARACTER_SET_RESULTS=@@CHARACTER_SET_RESULTS */;
/*!40101 SET @OLD_COLLATION_CONNECTION=@@COLLATION_CONNECTION */;
/*!50503 SET NAMES utf8 */;
/*!40103 SET @OLD_TIME_ZONE=@@TIME_ZONE */;
/*!40103 SET TIME_ZONE='+00:00' */;
/*!40014 SET @OLD_UNIQUE_CHECKS=@@UNIQUE_CHECKS, UNIQUE_CHECKS=0 */;
/*!40014 SET @OLD_FOREIGN_KEY_CHECKS=@@FOREIGN_KEY_CHECKS, FOREIGN_KEY_CHECKS=0 */;
/*!40101 SET @OLD_SQL_MODE=@@SQL_MODE, SQL_MODE='NO_AUTO_VALUE_ON_ZERO' */;
/*!40111 SET @OLD_SQL_NOTES=@@SQL_NOTES, SQL_NOTES=0 */;

--
-- Table structure for table `clubes`
--

DROP TABLE IF EXISTS `clubes`;
/*!40101 SET @saved_cs_client     = @@character_set_client */;
/*!50503 SET character_set_client = utf8mb4 */;
CREATE TABLE `clubes` (
  `id` int unsigned NOT NULL AUTO_INCREMENT,
  `nombre` varchar(255) NOT NULL,
  `id_api` int NOT NULL,
  `codigo` varchar(255) DEFAULT NULL,
  `logo` varchar(255) DEFAULT NULL,
  `pais` varchar(255) DEFAULT NULL,
  `fundado` int DEFAULT NULL,
  `estadio_nombre` varchar(255) DEFAULT NULL,
  `estadio_ciudad` varchar(255) DEFAULT NULL,
  `estadio_capacidad` int DEFAULT NULL,
  `estadio_imagen` varchar(255) DEFAULT NULL,
  PRIMARY KEY (`id`),
  UNIQUE KEY `clubes_nombre_unique` (`nombre`),
  UNIQUE KEY `clubes_id_api_unique` (`id_api`)
) ENGINE=InnoDB AUTO_INCREMENT=27 DEFAULT CHARSET=utf8mb4 COLLATE=utf8mb4_0900_ai_ci;
/*!40101 SET character_set_client = @saved_cs_client */;

--
-- Dumping data for table `clubes`
--

LOCK TABLES `clubes` WRITE;
/*!40000 ALTER TABLE `clubes` DISABLE KEYS */;
INSERT INTO `clubes` VALUES (1,'Gimnasia L.P.',434,'GIM','https://media.api-sports.io/football/teams/434.png','Argentina',1887,'Estadio Juan Carmelo Zerillo','La Plata, Provincia de Buenos Aires',24544,'https://media.api-sports.io/football/venues/77.png'),(2,'River Plate',435,'RIV','https://media.api-sports.io/football/teams/435.png','Argentina',1901,'Estadio Mâs Monumental','Capital Federal, Ciudad de Buenos Aires',83214,'https://media.api-sports.io/football/venues/19570.png'),(3,'Racing Club',436,'RAC','https://media.api-sports.io/football/teams/436.png','Argentina',1903,'Estadio Presidente Juan Domingo Perón','Avellaneda, Provincia de Buenos Aires',51500,'https://media.api-sports.io/football/venues/99.png'),(4,'Rosario Central',437,'ROS','https://media.api-sports.io/football/teams/437.png','Argentina',1889,'Estadio Gigante de Arroyito','Rosario, Provincia de Santa Fe',41654,'https://media.api-sports.io/football/venues/19391.png'),(5,'Velez Sarsfield',438,'VEL','https://media.api-sports.io/football/teams/438.png','Argentina',1910,'Estadio José Amalfitani','Capital Federal, Ciudad de Buenos Aires',49747,'https://media.api-sports.io/football/venues/115.png'),(6,'Godoy Cruz',439,'GOD','https://media.api-sports.io/football/teams/439.png','Argentina',1921,'Estadio Malvinas Argentinas','Mendoza, Provincia de Mendoza',40268,'https://media.api-sports.io/football/venues/80.png'),(7,'Union Santa Fe',441,'UNI','https://media.api-sports.io/football/teams/441.png','Argentina',1907,'Estadio 15 de Abril','Ciudad de Santa Fe, Provincia de Santa Fe',27000,'https://media.api-sports.io/football/venues/1933.png'),(8,'Defensa Y Justicia',442,'DEF','https://media.api-sports.io/football/teams/442.png','Argentina',1935,'Estadio Norberto Tito Tomaghello','Florencio Varela, Provincia de Buenos Aires',20000,'https://media.api-sports.io/football/venues/59.png'),(9,'Patronato',444,'PAT','https://media.api-sports.io/football/teams/444.png','Argentina',1914,'Estadio Presbítero Bartolomé Grella','Paraná, Provincia de Entre Ríos',22000,'https://media.api-sports.io/football/venues/96.png'),(10,'Huracan',445,'HUR','https://media.api-sports.io/football/teams/445.png','Argentina',1908,'Estadio Tomás Adolfo Ducó','Capital Federal, Ciudad de Buenos Aires',48314,'https://media.api-sports.io/football/venues/82.png'),(11,'Lanus',446,'LAN','https://media.api-sports.io/football/teams/446.png','Argentina',1915,'Estadio Ciudad de Lanús - Néstor Díaz Pérez','Lanús, Provincia de Buenos Aires',46619,'https://media.api-sports.io/football/venues/88.png'),(12,'Colon Santa Fe',448,'COL','https://media.api-sports.io/football/teams/448.png','Argentina',1905,'Estadio Brigadier General Estanislao López','Ciudad de Santa Fe, Provincia de Santa Fe',40000,'https://media.api-sports.io/football/venues/57.png'),(13,'Banfield',449,'BAN','https://media.api-sports.io/football/teams/449.png','Argentina',1896,'Estadio Florencio Solá','Lomas de Zamora, Provincia de Buenos Aires',34901,'https://media.api-sports.io/football/venues/43.png'),(14,'Estudiantes L.P.',450,'EST','https://media.api-sports.io/football/teams/450.png','Argentina',1905,'Estadio Único Diego Armando Maradona','La Plata, Provincia de Buenos Aires',53000,'https://media.api-sports.io/football/venues/12716.png'),(15,'Boca Juniors',451,'BOC','https://media.api-sports.io/football/teams/451.png','Argentina',1905,'Estadio Alberto José Armando','Ciudad de Buenos Aires',49000,'https://media.api-sports.io/football/venues/46.png'),(16,'Independiente',453,'IND','https://media.api-sports.io/football/teams/453.png','Argentina',1905,'Estadio Libertadores de América','Avellaneda, Provincia de Buenos Aires',52364,'https://media.api-sports.io/football/venues/7131.png'),(17,'Atletico Tucuman',455,'TUC','https://media.api-sports.io/football/teams/455.png','Argentina',1902,'Estadio Monumental Presidente José Fierro','San Miguel de Tucumán, Provincia de Tucumán',35200,'https://media.api-sports.io/football/venues/42.png'),(18,'Talleres Cordoba',456,'TAL','https://media.api-sports.io/football/teams/456.png','Argentina',1913,'Estadio Mario Alberto Kempes','Ciudad de Córdoba, Provincia de Córdoba',57503,'https://media.api-sports.io/football/venues/110.png'),(19,'Newells Old Boys',457,'NEW','https://media.api-sports.io/football/teams/457.png','Argentina',1903,'Estadio Marcelo Alberto Bielsa','Rosario, Provincia de Santa Fe',42000,'https://media.api-sports.io/football/venues/93.png'),(20,'Argentinos JRS',458,'ARG','https://media.api-sports.io/football/teams/458.png','Argentina',1904,'Estadio Diego Armando Maradona','Capital Federal, Ciudad de Buenos Aires',24380,'https://media.api-sports.io/football/venues/37.png'),(21,'Arsenal Sarandi',459,'ARS','https://media.api-sports.io/football/teams/459.png','Argentina',1957,'Estadio Julio Humberto Grondona','Avellaneda, Provincia de Buenos Aires',18300,'https://media.api-sports.io/football/venues/38.png'),(22,'San Lorenzo',460,'LOR','https://media.api-sports.io/football/teams/460.png','Argentina',1908,'Estadio Pedro Bidegaín','Capital Federal, Ciudad de Buenos Aires',43494,'https://media.api-sports.io/football/venues/103.png'),(23,'Aldosivi',463,'ALD','https://media.api-sports.io/football/teams/463.png','Argentina',1913,'Estadio José María Minella','Mar del Plata, Provincia de Buenos Aires',35354,'https://media.api-sports.io/football/venues/33.png'),(24,'Sarmiento Junin',474,'SAR','https://media.api-sports.io/football/teams/474.png','Argentina',1911,'Estadio Eva Perón de Junín','Junín, Provincia de Buenos Aires',22000,'https://media.api-sports.io/football/venues/107.png'),(25,'Platense',1064,'PLA','https://media.api-sports.io/football/teams/1064.png','Argentina',1905,'Estadio Ciudad de Vicente López','Vicente López, Provincia de Buenos Aires',31030,'https://media.api-sports.io/football/venues/97.png'),(26,'Central Cordoba de Santiago',1065,NULL,'https://media.api-sports.io/football/teams/1065.png','Argentina',1919,'Estadio Alfredo Terrera','Santiago del Estero, Provincia de Santiago del Est',16000,'https://media.api-sports.io/football/venues/2997.png');
/*!40000 ALTER TABLE `clubes` ENABLE KEYS */;
UNLOCK TABLES;

--
-- Table structure for table `jornadas`
--

DROP TABLE IF EXISTS `jornadas`;
/*!40101 SET @saved_cs_client     = @@character_set_client */;
/*!50503 SET character_set_client = utf8mb4 */;
CREATE TABLE `jornadas` (
  `id` int unsigned NOT NULL AUTO_INCREMENT,
  `nombre` varchar(255) NOT NULL,
  `temporada` int NOT NULL,
  `etapa` varchar(255) DEFAULT NULL,
  `liga_id` int DEFAULT NULL,
  `fecha_inicio` datetime DEFAULT NULL,
  `fecha_fin` datetime DEFAULT NULL,
  PRIMARY KEY (`id`),
  UNIQUE KEY `jornadas_nombre_unique` (`nombre`)
) ENGINE=InnoDB AUTO_INCREMENT=26 DEFAULT CHARSET=utf8mb4 COLLATE=utf8mb4_0900_ai_ci;
/*!40101 SET character_set_client = @saved_cs_client */;

--
-- Dumping data for table `jornadas`
--

LOCK TABLES `jornadas` WRITE;
/*!40000 ALTER TABLE `jornadas` DISABLE KEYS */;
INSERT INTO `jornadas` VALUES (1,'2nd Phase - 1',2021,'2nd Phase',128,'2021-07-16 19:00:00','2021-07-19 20:15:00'),(2,'2nd Phase - 2',2021,'2nd Phase',128,'2021-07-23 19:00:00','2021-07-26 20:15:00'),(3,'2nd Phase - 3',2021,'2nd Phase',128,'2021-07-27 16:30:00','2021-07-29 21:00:00'),(4,'2nd Phase - 4',2021,'2nd Phase',128,'2021-07-31 13:30:00','2021-08-02 21:15:00'),(5,'2nd Phase - 5',2021,'2nd Phase',128,'2021-08-06 19:00:00','2021-08-09 20:15:00'),(6,'2nd Phase - 6',2021,'2nd Phase',128,'2021-08-13 19:00:00','2021-08-16 20:15:00'),(7,'2nd Phase - 7',2021,'2nd Phase',128,'2021-08-20 16:45:00','2021-08-22 20:15:00'),(8,'2nd Phase - 8',2021,'2nd Phase',128,'2021-08-24 14:15:00','2021-08-26 21:00:00'),(9,'2nd Phase - 9',2021,'2nd Phase',128,'2021-08-28 15:45:00','2021-08-30 21:15:00'),(10,'2nd Phase - 10',2021,'2nd Phase',128,'2021-09-03 19:00:00','2021-09-06 20:15:00'),(11,'2nd Phase - 11',2021,'2nd Phase',128,'2021-09-13 14:15:00','2021-09-15 21:00:00'),(12,'2nd Phase - 12',2021,'2nd Phase',128,'2021-09-18 13:30:00','2021-09-20 20:15:00'),(13,'2nd Phase - 13',2021,'2nd Phase',128,'2021-09-24 19:00:00','2021-09-27 20:15:00'),(14,'2nd Phase - 14',2021,'2nd Phase',128,'2021-10-01 19:00:00','2021-10-04 20:15:00'),(15,'2nd Phase - 15',2021,'2nd Phase',128,'2021-10-08 14:30:00','2021-10-11 21:15:00'),(16,'2nd Phase - 16',2021,'2nd Phase',128,'2021-10-15 14:30:00','2021-10-17 20:15:00'),(17,'2nd Phase - 17',2021,'2nd Phase',128,'2021-10-19 14:30:00','2021-10-21 21:15:00'),(18,'2nd Phase - 18',2021,'2nd Phase',128,'2021-10-23 15:45:00','2021-10-25 21:15:00'),(19,'2nd Phase - 19',2021,'2nd Phase',128,'2021-10-29 19:00:00','2021-11-01 21:15:00'),(20,'2nd Phase - 20',2021,'2nd Phase',128,'2021-11-05 19:00:00','2021-11-08 21:15:00'),(21,'2nd Phase - 21',2021,'2nd Phase',128,'2021-11-18 17:00:00','2021-11-21 21:30:00'),(22,'2nd Phase - 22',2021,'2nd Phase',128,'2021-11-23 17:00:00','2021-11-25 21:30:00'),(23,'2nd Phase - 23',2021,'2nd Phase',128,'2021-11-27 17:00:00','2021-11-30 21:30:00'),(24,'2nd Phase - 24',2021,'2nd Phase',128,'2021-12-03 19:15:00','2021-12-06 21:30:00'),(25,'2nd Phase - 25',2021,'2nd Phase',128,'2021-12-10 19:15:00','2021-12-13 20:00:00');
/*!40000 ALTER TABLE `jornadas` ENABLE KEYS */;
UNLOCK TABLES;

--
-- Table structure for table `partidos`
--

DROP TABLE IF EXISTS `partidos`;
/*!40101 SET @saved_cs_client     = @@character_set_client */;
/*!50503 SET character_set_client = utf8mb4 */;
CREATE TABLE `partidos` (
  `id` int unsigned NOT NULL AUTO_INCREMENT,
  `id_api` int NOT NULL,
  `fecha` datetime DEFAULT NULL,
  `estado` varchar(255) DEFAULT NULL,
  `estado_detalle` varchar(255) DEFAULT NULL,
  `estadio` varchar(255) DEFAULT NULL,
  `local_id` int unsigned NOT NULL,
  `visitante_id` int unsigned NOT NULL,
  `jornada_id` int unsigned NOT NULL,
  PRIMARY KEY (`id`),
  UNIQUE KEY `partidos_id_api_unique` (`id_api`),
  KEY `partidos_local_id_index` (`local_id`),
  KEY `partidos_visitante_id_index` (`visitante_id`),
  KEY `partidos_jornada_id_index` (`jornada_id`),
  CONSTRAINT `partidos_jornada_id_foreign` FOREIGN KEY (`jornada_id`) REFERENCES `jornadas` (`id`) ON UPDATE CASCADE,
  CONSTRAINT `partidos_local_id_foreign` FOREIGN KEY (`local_id`) REFERENCES `clubes` (`id`) ON UPDATE CASCADE,
  CONSTRAINT `partidos_visitante_id_foreign` FOREIGN KEY (`visitante_id`) REFERENCES `clubes` (`id`) ON UPDATE CASCADE
) ENGINE=InnoDB AUTO_INCREMENT=326 DEFAULT CHARSET=utf8mb4 COLLATE=utf8mb4_0900_ai_ci;
/*!40101 SET character_set_client = @saved_cs_client */;

--
-- Dumping data for table `partidos`
--

LOCK TABLES `partidos` WRITE;
/*!40000 ALTER TABLE `partidos` DISABLE KEYS */;
INSERT INTO `partidos` VALUES (1,720180,'2021-07-16 19:00:00','FT','Match Finished','Estadio 15 de Abril',7,15,1),(2,720185,'2021-07-16 21:15:00','FT','Match Finished','Estadio Eva Perón de Junín',24,14,1),(3,720186,'2021-07-17 13:30:00','FT','Match Finished','Estadio José María Minella',23,9,1),(4,720191,'2021-07-17 15:45:00','FT','Match Finished','Estadio Ciudad de Lanús - Néstor Díaz Pérez',11,17,1),(5,720183,'2021-07-17 15:45:00','FT','Match Finished','Estadio Marcelo Alberto Bielsa',19,18,1),(6,720187,'2021-07-17 18:00:00','FT','Match Finished','Estadio Juan Carmelo Zerillo',1,25,1),(7,720188,'2021-07-17 20:15:00','FT','Match Finished','Estadio José Amalfitani',5,3,1),(8,720190,'2021-07-18 13:30:00','FT','Match Finished','Estadio Tomás Adolfo Ducó',10,8,1),(9,720182,'2021-07-18 15:45:00','FT','Match Finished','Estadio Julio Humberto Grondona',21,22,1),(10,720192,'2021-07-18 18:00:00','FT','Match Finished','Estadio Monumental Antonio Vespucio Liberti',2,12,1),(11,720184,'2021-07-18 20:15:00','FT','Match Finished','Estadio Libertadores de América',16,20,1),(12,720181,'2021-07-19 18:00:00','FT','Match Finished','Estadio Único Madre de Ciudades',26,13,1),(13,720189,'2021-07-19 20:15:00','FT','Match Finished','Estadio Feliciano Gambarte',6,4,1),(14,720195,'2021-07-23 19:00:00','FT','Match Finished','Estadio Monumental Presidente José Fierro',17,10,2),(15,720199,'2021-07-23 21:15:00','FT','Match Finished','Estadio Ciudad de Vicente López',25,23,2),(16,720194,'2021-07-24 13:30:00','FT','Match Finished','Estadio Brigadier General Estanislao López',12,11,2),(17,720204,'2021-07-24 15:45:00','FT','Match Finished','Estadio Pedro Bidegaín',22,26,2),(18,720198,'2021-07-24 18:00:00','FT','Match Finished','Estadio Presidente Juan Domingo Perón',3,1,2),(19,720205,'2021-07-24 20:15:00','FT','Match Finished','Estadio Florencio Solá',13,15,2),(20,720196,'2021-07-25 13:30:00','FT','Match Finished','Estadio Norberto Tito Tomaghello',8,6,2),(21,720200,'2021-07-25 13:30:00','FT','Match Finished','Estadio Presbítero Bartolomé Grella',9,24,2),(22,720197,'2021-07-25 15:45:00','FT','Match Finished','Estadio Dr. Lisandro de la Torre',4,5,2),(23,720193,'2021-07-25 18:00:00','FT','Match Finished','Estadio Monumental Antonio Vespucio Liberti',2,7,2),(24,720201,'2021-07-25 20:15:00','FT','Match Finished','Estadio Jorge Luis Hirschi',14,16,2),(25,720203,'2021-07-26 18:00:00','FT','Match Finished','Estadio Francisco Cabasés',18,21,2),(26,720202,'2021-07-26 20:15:00','FT','Match Finished','Estadio Diego Armando Maradona',20,19,2),(27,720217,'2021-07-27 16:30:00','FT','Match Finished','Estadio Tomás Adolfo Ducó',10,12,3),(28,720213,'2021-07-27 18:45:00','FT','Match Finished','Estadio José María Minella',23,3,3),(29,720207,'2021-07-27 21:00:00','FT','Match Finished','Estadio Alberto José Armando',15,22,3),(30,720216,'2021-07-28 14:15:00','FT','Match Finished','Estadio Feliciano Gambarte',6,17,3),(31,720206,'2021-07-28 14:15:00','FT','Match Finished','Estadio 15 de Abril',7,13,3),(32,720215,'2021-07-28 16:30:00','FT','Match Finished','Estadio José Amalfitani',5,8,3),(33,720212,'2021-07-28 16:30:00','FT','Match Finished','Estadio Eva Perón de Junín',24,25,3),(34,720211,'2021-07-28 18:45:00','FT','Match Finished','Estadio Libertadores de América',16,9,3),(35,720218,'2021-07-28 21:00:00','FT','Match Finished','Estadio Ciudad de Lanús - Néstor Díaz Pérez',11,2,3),(36,720208,'2021-07-29 14:15:00','FT','Match Finished','Estadio Único Madre de Ciudades',26,18,3),(37,720209,'2021-07-29 16:30:00','FT','Match Finished','Estadio Julio Humberto Grondona',21,20,3),(38,720214,'2021-07-29 18:45:00','FT','Match Finished','Estadio Juan Carmelo Zerillo',1,4,3),(39,720210,'2021-07-29 21:00:00','FT','Match Finished','Estadio Marcelo Alberto Bielsa',19,14,3),(40,720221,'2021-07-31 13:30:00','FT','Match Finished','Estadio Brigadier General Estanislao López',12,6,4),(41,720219,'2021-07-31 15:45:00','FT','Match Finished','Estadio Ciudad de Lanús - Néstor Díaz Pérez',11,7,4),(42,720225,'2021-07-31 18:00:00','FT','Match Finished','Estadio Presidente Juan Domingo Perón',3,24,4),(43,720226,'2021-07-31 20:15:00','FT','Match Finished','Estadio Ciudad de Vicente López',25,16,4),(44,720223,'2021-08-01 13:30:00','FT','Match Finished','Estadio Norberto Tito Tomaghello',8,1,4),(45,720230,'2021-08-01 15:45:00','FT','Match Finished','Estadio Francisco Cabasés',18,15,4),(46,720220,'2021-08-01 18:00:00','FT','Match Finished','Estadio Monumental Antonio Vespucio Liberti',2,10,4),(47,720231,'2021-08-01 20:15:00','FT','Match Finished','Estadio Pedro Bidegaín',22,13,4),(48,720227,'2021-08-02 16:45:00','FT','Match Finished','Estadio Presbítero Bartolomé Grella',9,19,4),(49,720229,'2021-08-02 16:45:00','FT','Match Finished','Estadio Diego Armando Maradona',20,26,4),(50,720224,'2021-08-02 19:00:00','FT','Match Finished','Estadio Dr. Lisandro de la Torre',4,23,4),(51,720228,'2021-08-02 19:00:00','FT','Match Finished','Estadio Jorge Luis Hirschi',14,21,4),(52,720222,'2021-08-02 21:15:00','FT','Match Finished','Estadio Monumental Presidente José Fierro',17,5,4),(53,720239,'2021-08-06 19:00:00','FT','Match Finished','Estadio Eva Perón de Junín',24,4,5),(54,720237,'2021-08-06 21:15:00','FT','Match Finished','Estadio Marcelo Alberto Bielsa',19,25,5),(55,720233,'2021-08-07 13:30:00','FT','Match Finished','Estadio Florencio Solá',13,18,5),(56,720232,'2021-08-07 15:45:00','FT','Match Finished','Estadio 15 de Abril',7,22,5),(57,720244,'2021-08-07 18:00:00','FT','Match Finished','Estadio Tomás Adolfo Ducó',10,11,5),(58,720243,'2021-08-07 20:15:00','FT','Match Finished','Estadio Feliciano Gambarte',6,2,5),(59,720241,'2021-08-08 13:30:00','FT','Match Finished','Estadio Juan Carmelo Zerillo',1,17,5),(60,720242,'2021-08-08 15:45:00','FT','Match Finished','Estadio José Amalfitani',5,12,5),(61,720234,'2021-08-08 18:00:00','FT','Match Finished','Estadio Alberto José Armando',15,20,5),(62,720238,'2021-08-08 20:15:00','FT','Match Finished','Estadio Libertadores de América',16,3,5),(63,720236,'2021-08-09 18:00:00','FT','Match Finished','Estadio Julio Humberto Grondona',21,9,5),(64,720240,'2021-08-09 18:00:00','FT','Match Finished','Estadio José María Minella',23,8,5),(65,720235,'2021-08-09 20:15:00','FT','Match Finished','Estadio Único Madre de Ciudades',26,14,5),(66,720248,'2021-08-13 19:00:00','FT','Match Finished','Estadio Brigadier General Estanislao López',12,1,6),(67,720245,'2021-08-13 21:15:00','FT','Match Finished','Estadio Tomás Adolfo Ducó',10,7,6),(68,720249,'2021-08-14 13:30:00','FT','Match Finished','Estadio Monumental Presidente José Fierro',17,23,6),(69,720256,'2021-08-14 15:45:00','FT','Match Finished','Estadio Diego Armando Maradona',20,13,6),(70,720247,'2021-08-14 18:00:00','FT','Match Finished','Estadio Monumental Antonio Vespucio Liberti',2,5,6),(71,720251,'2021-08-14 20:15:00','FT','Match Finished','Estadio Dr. Lisandro de la Torre',4,16,6),(72,720254,'2021-08-15 13:30:00','FT','Match Finished','Estadio Presbítero Bartolomé Grella',9,26,6),(73,720253,'2021-08-15 15:45:00','FT','Match Finished','Estadio Ciudad de Vicente López',25,21,6),(74,720255,'2021-08-15 18:00:00','FT','Match Finished','Estadio Jorge Luis Hirschi',14,15,6),(75,720252,'2021-08-15 20:15:00','FT','Match Finished','Estadio Presidente Juan Domingo Perón',3,19,6),(76,720257,'2021-08-16 18:00:00','FT','Match Finished','Estadio Mario Alberto Kempes',18,22,6),(77,720250,'2021-08-16 20:15:00','FT','Match Finished','Estadio Norberto Tito Tomaghello',8,24,6),(78,720246,'2021-08-16 20:15:00','FT','Match Finished','Estadio Ciudad de Lanús - Néstor Díaz Pérez',11,6,6),(79,720267,'2021-08-20 16:45:00','FT','Match Finished','Estadio José María Minella',23,12,7),(80,720260,'2021-08-20 19:00:00','FT','Match Finished','Estadio Florencio Solá',13,14,7),(81,720266,'2021-08-20 19:00:00','FT','Match Finished','Estadio Eva Perón de Junín',24,17,7),(82,720265,'2021-08-20 21:15:00','FT','Match Finished','Estadio Libertadores de América',16,8,7),(83,720270,'2021-08-21 13:30:00','FT','Match Finished','Estadio Feliciano Gambarte',6,10,7),(84,720262,'2021-08-21 13:30:00','FT','Match Finished','Estadio Alfredo Terrera',26,25,7),(85,720269,'2021-08-21 15:45:00','FT','Match Finished','Estadio José Amalfitani',5,11,7),(86,720263,'2021-08-21 18:00:00','FT','Match Finished','Estadio Julio Humberto Grondona',21,3,7),(87,720261,'2021-08-21 20:15:00','FT','Match Finished','Estadio Alberto José Armando',15,9,7),(88,720258,'2021-08-22 13:30:00','FT','Match Finished','Estadio 15 de Abril',7,18,7),(89,720264,'2021-08-22 15:45:00','FT','Match Finished','Estadio Marcelo Alberto Bielsa',19,4,7),(90,720259,'2021-08-22 18:00:00','FT','Match Finished','Estadio Pedro Bidegaín',22,20,7),(91,720268,'2021-08-22 20:15:00','FT','Match Finished','Estadio Juan Carmelo Zerillo',1,2,7),(92,720281,'2021-08-24 14:15:00','FT','Match Finished','Estadio Presbítero Bartolomé Grella',9,13,8),(93,720275,'2021-08-24 16:30:00','FT','Match Finished','Estadio Brigadier General Estanislao López',12,24,8),(94,720276,'2021-08-24 18:45:00','FT','Match Finished','Estadio Monumental Presidente José Fierro',17,16,8),(95,720279,'2021-08-24 21:00:00','FT','Match Finished','Estadio Presidente Juan Domingo Perón',3,26,8),(96,720278,'2021-08-25 14:15:00','FT','Match Finished','Estadio Dr. Lisandro de la Torre',4,21,8),(97,720277,'2021-08-25 16:30:00','FT','Match Finished','Estadio Norberto Tito Tomaghello',8,19,8),(98,720273,'2021-08-25 16:30:00','FT','Match Finished','Estadio Ciudad de Lanús - Néstor Díaz Pérez',11,1,8),(99,720272,'2021-08-25 18:45:00','FT','Match Finished','Estadio Tomás Adolfo Ducó',10,5,8),(100,720280,'2021-08-25 21:00:00','FT','Match Finished','Estadio Ciudad de Vicente López',25,15,8),(101,720271,'2021-08-26 14:15:00','FT','Match Finished','Estadio Feliciano Gambarte',6,7,8),(102,720283,'2021-08-26 16:30:00','FT','Match Finished','Estadio Diego Armando Maradona',20,18,8),(103,720282,'2021-08-26 18:45:00','FT','Match Finished','Estadio Jorge Luis Hirschi',14,22,8),(104,720274,'2021-08-26 21:00:00','FT','Match Finished','Estadio Monumental Antonio Vespucio Liberti',2,23,8),(105,720295,'2021-08-28 15:45:00','FT','Match Finished','Estadio Juan Carmelo Zerillo',1,10,9),(106,720287,'2021-08-28 18:00:00','FT','Match Finished','Estadio Florencio Solá',13,25,9),(107,720292,'2021-08-28 20:15:00','FT','Match Finished','Estadio Libertadores de América',16,12,9),(108,720290,'2021-08-29 13:30:00','FT','Match Finished','Estadio Julio Humberto Grondona',21,8,9),(109,720294,'2021-08-29 15:45:00','FT','Match Finished','Estadio José María Minella',23,11,9),(110,720289,'2021-08-29 15:45:00','FT','Match Finished','Estadio Único Madre de Ciudades',26,4,9),(111,720296,'2021-08-29 18:00:00','FT','Match Finished','Estadio José Amalfitani',5,6,9),(112,720288,'2021-08-29 20:15:00','FT','Match Finished','Estadio Alberto José Armando',15,3,9),(113,720284,'2021-08-30 14:30:00','FT','Match Finished','Estadio 15 de Abril',7,20,9),(114,720291,'2021-08-30 14:30:00','FT','Match Finished','Estadio Marcelo Alberto Bielsa',19,17,9),(115,720286,'2021-08-30 16:45:00','FT','Match Finished','Estadio Pedro Bidegaín',22,9,9),(116,720293,'2021-08-30 19:00:00','FT','Match Finished','Estadio Eva Perón de Junín',24,2,9),(117,720285,'2021-08-30 21:15:00','FT','Match Finished','Estadio Francisco Cabasés',18,14,9),(118,720304,'2021-09-03 19:00:00','FT','Match Finished','Estadio Norberto Tito Tomaghello',8,26,10),(119,720299,'2021-09-03 21:15:00','FT','Match Finished','Estadio Tomás Adolfo Ducó',10,23,10),(120,720303,'2021-09-04 13:30:00','FT','Match Finished','Estadio Monumental Presidente José Fierro',17,21,10),(121,720300,'2021-09-04 15:45:00','FT','Match Finished','Estadio Ciudad de Lanús - Néstor Díaz Pérez',11,24,10),(122,720302,'2021-09-04 15:45:00','FT','Match Finished','Estadio Brigadier General Estanislao López',12,19,10),(123,720307,'2021-09-04 18:00:00','FT','Match Finished','Estadio Ciudad de Vicente López',25,22,10),(124,720305,'2021-09-04 20:15:00','FT','Match Finished','Estadio Dr. Lisandro de la Torre',4,15,10),(125,720298,'2021-09-05 13:30:00','FT','Match Finished','Estadio Feliciano Gambarte',6,1,10),(126,720308,'2021-09-05 13:30:00','FT','Match Finished','Estadio Presbítero Bartolomé Grella',9,18,10),(127,720306,'2021-09-05 19:00:00','FT','Match Finished','Estadio Presidente Juan Domingo Perón',3,13,10),(128,720301,'2021-09-05 21:15:00','FT','Match Finished','Estadio Monumental Antonio Vespucio Liberti',2,16,10),(129,720309,'2021-09-06 18:00:00','FT','Match Finished','Estadio Jorge Luis Hirschi',14,20,10),(130,720297,'2021-09-06 20:15:00','FT','Match Finished','Estadio José Amalfitani',5,7,10),(131,720321,'2021-09-13 14:15:00','FT','Match Finished','Estadio José María Minella',23,6,11),(132,720320,'2021-09-13 14:15:00','FT','Match Finished','Estadio Eva Perón de Junín',24,10,11),(133,720319,'2021-09-13 16:30:00','FT','Match Finished','Estadio Libertadores de América',16,11,11),(134,720313,'2021-09-13 18:45:00','FT','Match Finished','Estadio Pedro Bidegaín',22,3,11),(135,720322,'2021-09-13 21:00:00','FT','Match Finished','Estadio Juan Carmelo Zerillo',1,5,11),(136,720312,'2021-09-14 14:15:00','FT','Match Finished','Estadio Mario Alberto Kempes',18,25,11),(137,720317,'2021-09-14 16:30:00','FT','Match Finished','Estadio Julio Humberto Grondona',21,12,11),(138,720316,'2021-09-14 18:45:00','FT','Match Finished','Estadio Único Madre de Ciudades',26,17,11),(139,720315,'2021-09-14 21:00:00','FT','Match Finished','Estadio Alberto José Armando',15,8,11),(140,720310,'2021-09-15 14:15:00','FT','Match Finished','Estadio 15 de Abril',7,14,11),(141,720311,'2021-09-15 16:30:00','FT','Match Finished','Estadio Diego Armando Maradona',20,9,11),(142,720314,'2021-09-15 18:45:00','FT','Match Finished','Estadio Florencio Solá',13,4,11),(143,720318,'2021-09-15 21:00:00','FT','Match Finished','Estadio Marcelo Alberto Bielsa',19,2,11),(144,720325,'2021-09-18 13:30:00','FT','Match Finished','Estadio Feliciano Gambarte',6,24,12),(145,720324,'2021-09-18 15:45:00','FT','Match Finished','Estadio José Amalfitani',5,23,12),(146,720333,'2021-09-18 18:00:00','FT','Match Finished','Estadio Presidente Juan Domingo Perón',3,18,12),(147,720330,'2021-09-18 20:15:00','FT','Match Finished','Estadio Monumental Presidente José Fierro',17,15,12),(148,720335,'2021-09-19 13:30:00','FT','Match Finished','Estadio Presbítero Bartolomé Grella',9,14,12),(149,720329,'2021-09-19 15:45:00','FT','Match Finished','Estadio Brigadier General Estanislao López',12,26,12),(150,720334,'2021-09-19 15:45:00','FT','Match Finished','Estadio Ciudad de Vicente López',25,20,12),(151,720326,'2021-09-19 18:00:00','FT','Match Finished','Estadio Tomás Adolfo Ducó',10,16,12),(152,720328,'2021-09-19 20:15:00','FT','Match Finished','Estadio Monumental Antonio Vespucio Liberti',2,21,12),(153,720323,'2021-09-20 13:30:00','FT','Match Finished','Estadio Juan Carmelo Zerillo',1,7,12),(154,720327,'2021-09-20 15:45:00','FT','Match Finished','Estadio Ciudad de Lanús - Néstor Díaz Pérez',11,19,12),(155,720332,'2021-09-20 18:00:00','FT','Match Finished','Estadio Dr. Lisandro de la Torre',4,22,12),(156,720331,'2021-09-20 20:15:00','FT','Match Finished','Estadio Norberto Tito Tomaghello',8,13,12),(157,720347,'2021-09-24 19:00:00','FT','Match Finished','Estadio Eva Perón de Junín',24,5,13),(158,720337,'2021-09-24 21:15:00','FT','Match Finished','Estadio Jorge Luis Hirschi',14,25,13),(159,720348,'2021-09-25 13:30:00','FT','Match Finished','Estadio José María Minella',23,1,13),(160,720339,'2021-09-25 15:45:00','FT','Match Finished','Estadio Francisco Cabasés',18,4,13),(161,720344,'2021-09-25 15:45:00','FT','Match Finished','Estadio Julio Humberto Grondona',21,11,13),(162,720341,'2021-09-25 18:00:00','FT','Match Finished','Estadio Florencio Solá',13,17,13),(163,720343,'2021-09-25 20:15:00','FT','Match Finished','Estadio Alfredo Terrera',26,2,13),(164,720336,'2021-09-26 13:30:00','FT','Match Finished','Estadio 15 de Abril',7,9,13),(165,720340,'2021-09-26 15:45:00','FT','Match Finished','Estadio Pedro Bidegaín',22,8,13),(166,720346,'2021-09-26 18:00:00','FT','Match Finished','Estadio Libertadores de América',16,6,13),(167,720342,'2021-09-26 20:15:00','FT','Match Finished','Estadio Alberto José Armando',15,12,13),(168,720338,'2021-09-27 18:00:00','FT','Match Finished','Estadio Diego Armando Maradona',20,3,13),(169,720345,'2021-09-27 20:15:00','FT','Match Finished','Estadio Marcelo Alberto Bielsa',19,10,13),(170,720349,'2021-10-01 19:00:00','FT','Match Finished','Estadio José María Minella',23,7,14),(171,720354,'2021-10-01 21:15:00','FT','Match Finished','Estadio Ciudad de Lanús - Néstor Díaz Pérez',11,26,14),(172,720352,'2021-10-02 13:30:00','FT','Match Finished','Estadio Feliciano Gambarte',6,19,14),(173,720361,'2021-10-02 13:30:00','FT','Match Finished','Estadio Ciudad de Vicente López',25,9,14),(174,720353,'2021-10-02 15:45:00','FT','Match Finished','Estadio Tomás Adolfo Ducó',10,21,14),(175,720357,'2021-10-02 18:00:00','FT','Match Finished','Estadio Monumental Presidente José Fierro',17,22,14),(176,720351,'2021-10-02 20:15:00','FT','Match Finished','Estadio José Amalfitani',5,16,14),(177,720350,'2021-10-03 13:30:00','FT','Match Finished','Estadio Juan Carmelo Zerillo',1,24,14),(178,720359,'2021-10-03 13:30:00','FT','Match Finished','Estadio Dr. Lisandro de la Torre',4,20,14),(179,720355,'2021-10-03 17:00:00','FT','Match Finished','Estadio Monumental Antonio Vespucio Liberti',2,15,14),(180,720360,'2021-10-03 20:15:00','FT','Match Finished','Estadio Presidente Juan Domingo Perón',3,14,14),(181,720358,'2021-10-04 18:00:00','FT','Match Finished','Estadio Norberto Tito Tomaghello',8,18,14),(182,720356,'2021-10-04 20:15:00','FT','Match Finished','Estadio Brigadier General Estanislao López',12,13,14),(183,720362,'2021-10-08 14:30:00','FT','Match Finished','Estadio 15 de Abril',7,25,15),(184,720370,'2021-10-08 16:45:00','FT','Match Finished','Estadio Único Madre de Ciudades',26,10,15),(185,720364,'2021-10-08 19:00:00','FT','Match Finished','Estadio Jorge Luis Hirschi',14,4,15),(186,720372,'2021-10-08 21:15:00','FT','Match Finished','Estadio Marcelo Alberto Bielsa',19,5,15),(187,720365,'2021-10-09 13:30:00','FT','Match Finished','Estadio Diego Armando Maradona',20,8,15),(188,720374,'2021-10-09 13:30:00','FT','Match Finished','Estadio Eva Perón de Junín',24,23,15),(189,720363,'2021-10-09 15:45:00','FT','Match Finished','Estadio Presbítero Bartolomé Grella',9,3,15),(190,720368,'2021-10-09 18:00:00','FT','Match Finished','Estadio Florencio Solá',13,2,15),(191,720369,'2021-10-09 20:15:00','FT','Match Finished','Estadio Alberto José Armando',15,11,15),(192,720371,'2021-10-11 14:30:00','FT','Match Finished','Estadio Julio Humberto Grondona',21,6,15),(193,720367,'2021-10-11 16:45:00','FT','Match Finished','Estadio Pedro Bidegaín',22,12,15),(194,720373,'2021-10-11 19:00:00','FT','Match Finished','Estadio Libertadores de América',16,1,15),(195,720366,'2021-10-11 21:15:00','FT','Match Finished','Estadio Francisco Cabasés',18,17,15),(196,720379,'2021-10-15 14:30:00','FT','Match Finished','Estadio Malvinas Argentinas',6,26,16),(197,720386,'2021-10-15 16:45:00','FT','Match Finished','Estadio Dr. Lisandro de la Torre',4,9,16),(198,720387,'2021-10-15 19:00:00','FT','Match Finished','Estadio Presidente Juan Domingo Perón',3,25,16),(199,720378,'2021-10-15 21:15:00','FT','Match Finished','Estadio José Amalfitani',5,21,16),(200,720385,'2021-10-15 21:15:00','FT','Match Finished','Estadio Norberto Tito Tomaghello',8,14,16),(201,720375,'2021-10-16 13:30:00','FT','Match Finished','Estadio Eva Perón de Junín',24,7,16),(202,720377,'2021-10-16 15:45:00','FT','Match Finished','Estadio Único Diego Armando Maradona',1,19,16),(203,720381,'2021-10-16 18:00:00','FT','Match Finished','Estadio Ciudad de Lanús - Néstor Díaz Pérez',11,13,16),(204,720380,'2021-10-16 20:15:00','FT','Match Finished','Estadio Tomás Adolfo Ducó',10,15,16),(205,720383,'2021-10-17 15:45:00','FT','Match Finished','Estadio Brigadier General Estanislao López',12,18,16),(206,720384,'2021-10-17 15:45:00','FT','Match Finished','Estadio Monumental Presidente José Fierro',17,20,16),(207,720376,'2021-10-17 18:00:00','FT','Match Finished','Estadio José María Minella',23,16,16),(208,720382,'2021-10-17 20:15:00','FT','Match Finished','Estadio Monumental Antonio Vespucio Liberti',2,22,16),(209,720389,'2021-10-19 14:30:00','FT','Match Finished','Estadio Ciudad de Vicente López',25,4,17),(210,720388,'2021-10-19 16:45:00','FT','Match Finished','Estadio 15 de Abril',7,3,17),(211,720390,'2021-10-19 19:00:00','FT','Match Finished','Estadio Presbítero Bartolomé Grella',9,8,17),(212,720397,'2021-10-19 21:15:00','FT','Match Finished','Estadio Único Madre de Ciudades',26,5,17),(213,720398,'2021-10-20 14:30:00','FT','Match Finished','Estadio Julio Humberto Grondona',21,1,17),(214,720394,'2021-10-20 16:45:00','FT','Match Finished','Estadio Pedro Bidegaín',22,11,17),(215,720395,'2021-10-20 19:00:00','FT','Match Finished','Estadio Florencio Solá',13,10,17),(216,720391,'2021-10-20 19:00:00','FT','Match Finished','Estadio Jorge Luis Hirschi',14,17,17),(217,720396,'2021-10-20 21:15:00','FT','Match Finished','Estadio Alberto José Armando',15,6,17),(218,720392,'2021-10-21 14:30:00','FT','Match Finished','Estadio Diego Armando Maradona',20,12,17),(219,720399,'2021-10-21 16:45:00','FT','Match Finished','Estadio Marcelo Alberto Bielsa',19,23,17),(220,720400,'2021-10-21 19:00:00','FT','Match Finished','Estadio Libertadores de América',16,24,17),(221,720393,'2021-10-21 21:15:00','FT','Match Finished','Estadio Mario Alberto Kempes',18,2,17),(222,720404,'2021-10-23 15:45:00','FT','Match Finished','Estadio Único Diego Armando Maradona',1,26,18),(223,720412,'2021-10-23 18:00:00','FT','Match Finished','Estadio Norberto Tito Tomaghello',8,25,18),(224,720413,'2021-10-23 20:15:00','FT','Match Finished','Estadio Dr. Lisandro de la Torre',4,3,18),(225,720406,'2021-10-24 15:45:00','FT','Match Finished','Estadio Malvinas Argentinas',6,13,18),(226,720410,'2021-10-24 15:45:00','FT','Match Finished','Estadio Brigadier General Estanislao López',12,14,18),(227,720407,'2021-10-24 18:00:00','FT','Match Finished','Estadio Tomás Adolfo Ducó',10,22,18),(228,720405,'2021-10-24 20:15:00','FT','Match Finished','Estadio José Amalfitani',5,15,18),(229,720403,'2021-10-25 14:30:00','FT','Match Finished','Estadio José María Minella',23,21,18),(230,720402,'2021-10-25 14:30:00','FT','Match Finished','Estadio Eva Perón de Junín',24,19,18),(231,720408,'2021-10-25 16:45:00','FT','Match Finished','Estadio Ciudad de Lanús - Néstor Díaz Pérez',11,18,18),(232,720411,'2021-10-25 16:45:00','FT','Match Finished','Estadio Monumental Presidente José Fierro',17,9,18),(233,720409,'2021-10-25 19:00:00','FT','Match Finished','Estadio Monumental Antonio Vespucio Liberti',2,20,18),(234,720401,'2021-10-25 21:15:00','FT','Match Finished','Estadio Libertadores de América',16,7,18),(235,720415,'2021-10-29 19:00:00','FT','Match Finished','Estadio Presidente Juan Domingo Perón',3,8,19),(236,720419,'2021-10-29 21:15:00','FT','Match Finished','Estadio Diego Armando Maradona',20,11,19),(237,720425,'2021-10-30 15:45:00','FT','Match Finished','Estadio Julio Humberto Grondona',21,24,19),(238,720416,'2021-10-30 15:45:00','FT','Match Finished','Estadio Ciudad de Vicente López',25,17,19),(239,720422,'2021-10-30 18:00:00','FT','Match Finished','Estadio Florencio Solá',13,5,19),(240,720420,'2021-10-30 18:00:00','FT','Match Finished','Estadio Mario Alberto Kempes',18,10,19),(241,720423,'2021-10-30 21:15:00','FT','Match Finished','Estadio Alberto José Armando',15,1,19),(242,720414,'2021-10-31 15:45:00','FT','Match Finished','Estadio 15 de Abril',7,4,19),(243,720421,'2021-10-31 15:45:00','FT','Match Finished','Estadio Pedro Bidegaín',22,6,19),(244,720426,'2021-10-31 18:00:00','FT','Match Finished','Estadio Marcelo Alberto Bielsa',19,16,19),(245,720417,'2021-10-31 19:00:00','FT','Match Finished','Estadio Presbítero Bartolomé Grella',9,12,19),(246,720418,'2021-10-31 20:15:00','FT','Match Finished','Estadio Jorge Luis Hirschi',14,2,19),(247,720424,'2021-11-01 21:15:00','FT','Match Finished','Estadio Único Madre de Ciudades',26,23,19),(248,720439,'2021-11-05 19:00:00','FT','Match Finished','Estadio Norberto Tito Tomaghello',8,4,20),(249,720435,'2021-11-05 21:15:00','FT','Match Finished','Estadio Ciudad de Lanús - Néstor Díaz Pérez',11,14,20),(250,720433,'2021-11-06 15:45:00','FT','Match Finished','Estadio Malvinas Argentinas',6,18,20),(251,720437,'2021-11-06 15:45:00','FT','Match Finished','Estadio Brigadier General Estanislao López',12,25,20),(252,720428,'2021-11-06 18:00:00','FT','Match Finished','Estadio Libertadores de América',16,21,20),(253,720438,'2021-11-06 20:15:00','FT','Match Finished','Estadio Monumental Presidente José Fierro',17,3,20),(254,720431,'2021-11-07 15:45:00','FT','Match Finished','Estadio Único Diego Armando Maradona',1,13,20),(255,720429,'2021-11-07 15:45:00','FT','Match Finished','Estadio Eva Perón de Junín',24,26,20),(256,720432,'2021-11-07 18:00:00','FT','Match Finished','Estadio José Amalfitani',5,22,20),(257,720436,'2021-11-07 20:15:00','FT','Match Finished','Estadio Monumental Antonio Vespucio Liberti',2,9,20),(258,720427,'2021-11-08 16:45:00','FT','Match Finished','Estadio Marcelo Alberto Bielsa',19,7,20),(259,720434,'2021-11-08 19:00:00','FT','Match Finished','Estadio Tomás Adolfo Ducó',10,20,20),(260,720430,'2021-11-08 21:15:00','FT','Match Finished','Estadio José María Minella',23,15,20),(261,720440,'2021-11-18 17:00:00','FT','Match Finished','Estadio 15 de Abril',7,8,21),(262,720444,'2021-11-18 19:15:00','FT','Match Finished','Estadio Presbítero Bartolomé Grella',9,11,21),(263,720449,'2021-11-18 21:30:00','FT','Match Finished','Estadio Florencio Solá',13,23,21),(264,720445,'2021-11-19 17:00:00','FT','Match Finished','Estadio Jorge Luis Hirschi',14,10,21),(265,720448,'2021-11-19 19:15:00','FT','Match Finished','Estadio Pedro Bidegaín',22,1,21),(266,720447,'2021-11-19 21:30:00','FT','Match Finished','Estadio Mario Alberto Kempes',18,5,21),(267,720446,'2021-11-19 21:30:00','FT','Match Finished','Estadio Diego Armando Maradona',20,6,21),(268,720441,'2021-11-20 17:00:00','FT','Match Finished','Estadio Dr. Lisandro de la Torre',4,17,21),(269,720450,'2021-11-20 19:15:00','FT','Match Finished','Estadio Alberto José Armando',15,24,21),(270,720451,'2021-11-20 21:30:00','FT','Match Finished','Estadio Único Madre de Ciudades',26,16,21),(271,720452,'2021-11-21 17:00:00','FT','Match Finished','Estadio Julio Humberto Grondona',21,19,21),(272,720442,'2021-11-21 19:15:00','FT','Match Finished','Estadio Presidente Juan Domingo Perón',3,12,21),(273,720443,'2021-11-21 21:30:00','FT','Match Finished','Estadio Ciudad de Vicente López',25,2,21),(274,720458,'2021-11-23 17:00:00','FT','Match Finished','Estadio Juan Carmelo Zerillo',1,18,22),(275,720461,'2021-11-23 17:00:00','FT','Match Finished','Estadio Tomás Adolfo Ducó',10,9,22),(276,720457,'2021-11-23 19:15:00','FT','Match Finished','Estadio José María Minella',23,22,22),(277,720459,'2021-11-23 21:30:00','FT','Match Finished','Estadio José Amalfitani',5,20,22),(278,720460,'2021-11-23 21:30:00','FT','Match Finished','Estadio Malvinas Argentinas',6,14,22),(279,720454,'2021-11-24 17:00:00','FT','Match Finished','Estadio Marcelo Alberto Bielsa',19,26,22),(280,720456,'2021-11-24 17:00:00','FT','Match Finished','Estadio Eva Perón de Junín',24,13,22),(281,720465,'2021-11-24 19:15:00','FT','Match Finished','Estadio Monumental Presidente José Fierro',17,8,22),(282,720455,'2021-11-24 21:30:00','FT','Match Finished','Estadio Libertadores de América',16,15,22),(283,720453,'2021-11-25 17:00:00','FT','Match Finished','Estadio Julio Humberto Grondona',21,7,22),(284,720462,'2021-11-25 19:15:00','FT','Match Finished','Estadio Ciudad de Lanús - Néstor Díaz Pérez',11,25,22),(285,720464,'2021-11-25 19:15:00','FT','Match Finished','Estadio Brigadier General Estanislao López',12,4,22),(286,720463,'2021-11-25 21:30:00','FT','Match Finished','Estadio Monumental Antonio Vespucio Liberti',2,3,22),(287,720474,'2021-11-27 17:00:00','FT','Match Finished','Estadio Mario Alberto Kempes',18,23,23),(288,720471,'2021-11-27 19:15:00','FT','Match Finished','Estadio Presbítero Bartolomé Grella',9,6,23),(289,720472,'2021-11-27 21:30:00','FT','Match Finished','Estadio Jorge Luis Hirschi',14,5,23),(290,720468,'2021-11-28 17:00:00','FT','Match Finished','Estadio Dr. Lisandro de la Torre',4,2,23),(291,720467,'2021-11-28 19:15:00','FT','Match Finished','Estadio Norberto Tito Tomaghello',8,12,23),(292,720473,'2021-11-28 19:15:00','FT','Match Finished','Estadio Diego Armando Maradona',20,1,23),(293,720466,'2021-11-29 17:00:00','FT','Match Finished','Estadio 15 de Abril',7,17,23),(294,720469,'2021-11-29 19:15:00','FT','Match Finished','Estadio Presidente Juan Domingo Perón',3,11,23),(295,720470,'2021-11-29 21:30:00','FT','Match Finished','Estadio Ciudad de Vicente López',25,10,23),(296,720478,'2021-11-29 21:30:00','FT','Match Finished','Estadio Único Madre de Ciudades',26,21,23),(297,720475,'2021-11-30 17:00:00','FT','Match Finished','Estadio Pedro Bidegaín',22,24,23),(298,720477,'2021-11-30 19:15:00','FT','Match Finished','Estadio Alberto José Armando',15,19,23),(299,720476,'2021-11-30 21:30:00','FT','Match Finished','Estadio Florencio Solá',13,16,23),(300,720491,'2021-12-03 19:15:00','FT','Match Finished','Estadio Brigadier General Estanislao López',12,17,24),(301,720479,'2021-12-03 19:15:00','FT','Match Finished','Estadio Único Madre de Ciudades',26,7,24),(302,720486,'2021-12-03 21:30:00','FT','Match Finished','Estadio José Amalfitani',5,9,24),(303,720480,'2021-12-04 17:00:00','FT','Match Finished','Estadio Julio Humberto Grondona',21,15,24),(304,720487,'2021-12-04 19:15:00','FT','Match Finished','Estadio Malvinas Argentinas',6,25,24),(305,720483,'2021-12-04 19:15:00','FT','Match Finished','Estadio Eva Perón de Junín',24,18,24),(306,720488,'2021-12-04 21:30:00','FT','Match Finished','Estadio Tomás Adolfo Ducó',10,3,24),(307,720489,'2021-12-04 21:30:00','FT','Match Finished','Estadio Ciudad de Lanús - Néstor Díaz Pérez',11,4,24),(308,720485,'2021-12-05 17:00:00','FT','Match Finished','Estadio Juan Carmelo Zerillo',1,14,24),(309,720482,'2021-12-05 19:15:00','FT','Match Finished','Estadio Libertadores de América',16,22,24),(310,720490,'2021-12-05 21:30:00','FT','Match Finished','Estadio Monumental Antonio Vespucio Liberti',2,8,24),(311,720484,'2021-12-06 19:15:00','FT','Match Finished','Estadio José María Minella',23,20,24),(312,720481,'2021-12-06 21:30:00','FT','Match Finished','Estadio Marcelo Alberto Bielsa',19,13,24),(313,720497,'2021-12-10 19:15:00','FT','Match Finished','Estadio Ciudad de Vicente López',25,5,25),(314,720499,'2021-12-10 21:30:00','FT','Match Finished','Estadio Jorge Luis Hirschi',14,23,25),(315,720496,'2021-12-11 17:00:00','FT','Match Finished','Estadio Presidente Juan Domingo Perón',3,6,25),(316,720495,'2021-12-11 17:00:00','FT','Match Finished','Estadio Dr. Lisandro de la Torre',4,10,25),(317,720492,'2021-12-11 17:00:00','FT','Match Finished','Estadio 15 de Abril',7,12,25),(318,720498,'2021-12-11 17:00:00','FT','Match Finished','Estadio Presbítero Bartolomé Grella',9,1,25),(319,720500,'2021-12-11 17:00:00','FT','Match Finished','Estadio Diego Armando Maradona',20,24,25),(320,720493,'2021-12-11 19:15:00','FT','Match Finished','Estadio Monumental Presidente José Fierro',17,2,25),(321,720504,'2021-12-11 22:00:00','FT','Match Finished','Estadio Alberto José Armando',15,26,25),(322,720502,'2021-12-12 17:00:00','FT','Match Finished','Estadio Pedro Bidegaín',22,19,25),(323,720494,'2021-12-12 19:15:00','FT','Match Finished','Estadio Norberto Tito Tomaghello',8,11,25),(324,720501,'2021-12-12 21:30:00','FT','Match Finished','Estadio Mario Alberto Kempes',18,16,25),(325,720503,'2021-12-13 20:00:00','FT','Match Finished','Estadio Florencio Solá',13,21,25);
/*!40000 ALTER TABLE `partidos` ENABLE KEYS */;
UNLOCK TABLES;

--
-- Table structure for table `player`
--

DROP TABLE IF EXISTS `player`;
/*!40101 SET @saved_cs_client     = @@character_set_client */;
/*!50503 SET character_set_client = utf8mb4 */;
CREATE TABLE `player` (
  `id` int unsigned NOT NULL AUTO_INCREMENT,
  `api_id` int NOT NULL,
  `name` varchar(255) DEFAULT NULL,
  `firstname` varchar(255) DEFAULT NULL,
  `lastname` varchar(255) DEFAULT NULL,
  `age` int DEFAULT NULL,
  `nationality` varchar(255) DEFAULT NULL,
  `height` varchar(255) DEFAULT NULL,
  `weight` varchar(255) DEFAULT NULL,
  `photo` varchar(255) DEFAULT NULL,
  `jersey_number` int DEFAULT NULL,
  `club_id` int unsigned NOT NULL,
  `position_id` int unsigned DEFAULT NULL,
  PRIMARY KEY (`id`),
  UNIQUE KEY `player_api_id_unique` (`api_id`),
  KEY `player_club_id_index` (`club_id`),
  KEY `player_position_id_index` (`position_id`),
  CONSTRAINT `player_club_id_foreign` FOREIGN KEY (`club_id`) REFERENCES `clubes` (`id`) ON UPDATE CASCADE,
  CONSTRAINT `player_position_id_foreign` FOREIGN KEY (`position_id`) REFERENCES `position` (`id`) ON DELETE SET NULL ON UPDATE CASCADE
) ENGINE=InnoDB AUTO_INCREMENT=1205 DEFAULT CHARSET=utf8mb4 COLLATE=utf8mb4_0900_ai_ci;
/*!40101 SET character_set_client = @saved_cs_client */;

--
-- Dumping data for table `player`
--

LOCK TABLES `player` WRITE;
/*!40000 ALTER TABLE `player` DISABLE KEYS */;
INSERT INTO `player` VALUES (1,5710,'L. Contín','Leandro Nicolás','Contín',30,'Argentina','183 cm','78 kg','https://media.api-sports.io/football/players/5710.png',NULL,1,1),(2,6032,'N. Leyes','Nery Francisco','Leyes',36,'Argentina','181 cm','78 kg','https://media.api-sports.io/football/players/6032.png',NULL,7,2),(3,6188,'L. Barrios','Lucas Ramón','Barrios Cáceres',40,'Paraguay','187 cm','83 kg','https://media.api-sports.io/football/players/6188.png',NULL,8,1),(4,6427,'M. Coronel','Maximiliano Ángel','Coronel',36,'Argentina','180 cm','80 kg','https://media.api-sports.io/football/players/6427.png',NULL,1,3),(5,6430,'L. Licht','Lucas Matías','Licht',43,'Argentina','174 cm','72 kg','https://media.api-sports.io/football/players/6430.png',NULL,1,3),(6,6434,'V. Ayala','Víctor Hugo','Ayala Núñez',37,'Paraguay','177 cm','84 kg','https://media.api-sports.io/football/players/6434.png',NULL,1,2),(7,6449,'A. Ramírez','Elías Agustín','Ramírez',25,'Argentina','166 cm','61 kg','https://media.api-sports.io/football/players/6449.png',NULL,1,1),(8,13341,'M. Pérez','Matías Augusto','Pérez García',40,'Argentina','165 cm','66 kg','https://media.api-sports.io/football/players/13341.png',NULL,1,2),(9,13691,'J. Carbonero','Johan Stiven','Carbonero Balanta',26,'Colombia','170 cm','70 kg','https://media.api-sports.io/football/players/13691.png',NULL,1,1),(10,44577,'B. Alemán','Brahian Milton','Alemán Athaydes',36,'Uruguay','178 cm','79 kg','https://media.api-sports.io/football/players/44577.png',NULL,1,2),(11,51331,'G. Fratta','Guillermo','Fratta Cabrera',30,'Uruguay','188 cm','78 kg','https://media.api-sports.io/football/players/51331.png',NULL,1,3),(12,76125,'T. Fernández','Tomás Agustín','Fernández',26,'Argentina','189 cm','83 kg','https://media.api-sports.io/football/players/76125.png',NULL,1,3),(13,129898,'G. Enrique','Guillermo Nicolás','Enrique',25,'Argentina',NULL,NULL,'https://media.api-sports.io/football/players/129898.png',NULL,1,3),(14,199079,'S. Cocimano','Sebastián','Cocimano',25,'Argentina','186 cm','79 kg','https://media.api-sports.io/football/players/199079.png',NULL,1,1),(15,200273,'A. Napolitano','Antonio','Napolitano',26,'Argentina',NULL,NULL,'https://media.api-sports.io/football/players/200273.png',NULL,1,2),(16,296176,'B. Palazzo','Bruno','Palazzo',25,'Argentina','184 cm','76 kg','https://media.api-sports.io/football/players/296176.png',NULL,1,3),(17,309826,'G. Areco','Gustavo Iván','Areco',25,'Argentina','180 cm','74 kg','https://media.api-sports.io/football/players/309826.png',NULL,1,3),(18,309835,'M. Bazzi','Matías Jail','Bazzi',23,'Argentina','178 cm','74 kg','https://media.api-sports.io/football/players/309835.png',NULL,1,3),(19,310512,'M. Toledo','Matías Nicolás','Toledo Riquelme',24,'Argentina',NULL,NULL,'https://media.api-sports.io/football/players/310512.png',NULL,1,2),(20,310513,'E. Jara','Estanislao','Jara',26,'Argentina',NULL,NULL,'https://media.api-sports.io/football/players/310513.png',NULL,1,2),(21,2356,'R. Rey','Rodrigo Francisco Jesús','Rey',34,'Argentina','190 cm','76 kg','https://media.api-sports.io/football/players/2356.png',NULL,1,4),(22,5822,'L. Morales','Sandro Leonardo','Morales',34,'Argentina','180 cm','72 kg','https://media.api-sports.io/football/players/5822.png',NULL,1,3),(23,6377,'R. Cecchini','Rodrigo Emanuel','Cecchini',29,'Argentina','180 cm','78 kg','https://media.api-sports.io/football/players/6377.png',NULL,1,2),(24,6421,'T. Durso','Tomás','Durso',26,'Argentina','185 cm','80 kg','https://media.api-sports.io/football/players/6421.png',NULL,1,4),(25,6422,'N. Insfrán','Nelson Federico','Insfrán',30,'Argentina','179 cm','83 kg','https://media.api-sports.io/football/players/6422.png',NULL,1,4),(26,6431,'M. Melluso','Matías Germán','Melluso',27,'Argentina','170 cm','63 kg','https://media.api-sports.io/football/players/6431.png',NULL,1,3),(27,6437,'L. Chávez','Lautaro Rolando','Chávez',24,'Argentina','175 cm','68 kg','https://media.api-sports.io/football/players/6437.png',NULL,1,2),(28,6441,'J. Paradela','José Antonio','Paradela',27,'Argentina','180 cm','72 kg','https://media.api-sports.io/football/players/6441.png',NULL,2,2),(29,6446,'M. Comba','Maximiliano Gabriel','Comba',31,'Argentina','170 cm','68 kg','https://media.api-sports.io/football/players/6446.png',NULL,19,1),(30,6452,'H. Tijanovich','Horacio Gabriel','Tijanovich',29,'Argentina','176 cm','70 kg','https://media.api-sports.io/football/players/6452.png',NULL,25,1),(31,6618,'M. Insaurralde','Carlos Manuel','Insaurralde Ochart',26,'Argentina','176 cm','72 kg','https://media.api-sports.io/football/players/6618.png',NULL,22,2),(32,6663,'L. Rodríguez','Luis Miguel','Rodríguez',40,'Argentina','167 cm','67 kg','https://media.api-sports.io/football/players/6663.png',NULL,12,1),(33,81337,'A. Domínguez','Alexis Andrés','Domínguez Ansorena',29,'Argentina','185 cm','84 kg','https://media.api-sports.io/football/players/81337.png',NULL,1,1),(34,200271,'I. Mammini','Ivo','Mammini',22,'Argentina',NULL,NULL,'https://media.api-sports.io/football/players/200271.png',NULL,1,1),(35,296833,'R. Gallo','Rodrigo Leonel','Gallo',25,'Argentina','178 cm','74 kg','https://media.api-sports.io/football/players/296833.png',NULL,1,3),(36,296834,'B. Barros Schelotto','Bautista','Barros Schelotto Suárez',25,'Argentina','181 cm','76 kg','https://media.api-sports.io/football/players/296834.png',NULL,1,3),(37,304047,'L. Mamut','Leandro Juan Hugo','Mamut',22,'Argentina','178 cm','69 kg','https://media.api-sports.io/football/players/304047.png',NULL,1,2),(38,304048,'R. Castillo','Rodrigo','Castillo',26,'Argentina',NULL,NULL,'https://media.api-sports.io/football/players/304048.png',NULL,1,1),(39,309825,'N. Manganelli','Nahuel','Manganelli',24,'Argentina','185 cm','78 kg','https://media.api-sports.io/football/players/309825.png',NULL,1,4),(40,322328,'F. Torres','Franco Ramón','Torres',26,'Argentina',NULL,NULL,'https://media.api-sports.io/football/players/322328.png',NULL,1,1),(41,5687,'E. Ramírez','Eric Iván Jesús','Ramírez',29,'Argentina','170 cm','64 kg','https://media.api-sports.io/football/players/5687.png',NULL,1,1),(42,5969,'M. Weigandt','Marcelo Alexis','Weigandt',25,'Argentina','175 cm','74 kg','https://media.api-sports.io/football/players/5969.png',NULL,1,3),(43,6148,'N. Colazo','Carlos Nicolás','Colazo',35,'Argentina','178 cm','71 kg','https://media.api-sports.io/football/players/6148.png',NULL,1,2),(44,6429,'G. Guiffrey','Germán Leonel','Guiffrey',28,'Argentina','182 cm','74 kg','https://media.api-sports.io/football/players/6429.png',NULL,1,3),(45,11512,'R. Holgado','Rodrigo Julián','Holgado',30,'Argentina','180 cm','80 kg','https://media.api-sports.io/football/players/11512.png',NULL,1,1),(46,13334,'H. Mancilla','Harrinson','Mancilla Mulato',34,'Colombia','174 cm','80 kg','https://media.api-sports.io/football/players/13334.png',NULL,1,2),(47,152780,'M. Miranda','Matías Nicolás','Miranda',25,'Argentina','174 cm',NULL,'https://media.api-sports.io/football/players/152780.png',NULL,1,2),(48,195765,'F. Gerometta','Francisco Joel','Gerometta',26,'Argentina','175 cm','72 kg','https://media.api-sports.io/football/players/195765.png',NULL,7,3),(49,291503,'I. Miramón','Juan Ignacio','Miramón',22,'Argentina','173 cm','74 kg','https://media.api-sports.io/football/players/291503.png',NULL,1,2),(50,309827,'F. Martínez','Fernando Daniel','Martínez Sánchez',25,'Argentina','173 cm','70 kg','https://media.api-sports.io/football/players/309827.png',NULL,1,3),(51,347265,'B. Domínguez','Benjamín','Domínguez',22,'Argentina','172 cm','68 kg','https://media.api-sports.io/football/players/347265.png',NULL,1,1),(52,2504,'R. Rojas','Robert Samuel','Rojas Chávez',29,'Paraguay','177 cm','75 kg','https://media.api-sports.io/football/players/2504.png',NULL,2,3),(53,5987,'F. Angileri','Fabrizio Germán','Angileri',31,'Argentina','185 cm','72 kg','https://media.api-sports.io/football/players/5987.png',NULL,2,3),(54,5989,'N. Gallardo','Nahuel Ezequiel','Gallardo',27,'Argentina','179 cm','73 kg','https://media.api-sports.io/football/players/5989.png',NULL,12,3),(55,5995,'N. de la Cruz','Diego Nicolás','de la Cruz Arcosa',28,'Uruguay','167 cm','65 kg','https://media.api-sports.io/football/players/5995.png',NULL,2,2),(56,6011,'R. Borré','Rafael','Santos Borré Maury',30,'Colombia','174 cm','70 kg','https://media.api-sports.io/football/players/6011.png',NULL,2,1),(57,6387,'A. Fontana','Cristian Agustín','Fontana',29,'Argentina','176 cm','72 kg','https://media.api-sports.io/football/players/6387.png',NULL,13,1),(58,6645,'A. Vigo','Alex','Vigo Gamaliel',26,'Argentina','175 cm','74 kg','https://media.api-sports.io/football/players/6645.png',NULL,12,3),(59,10127,'T. Andrade','Tomás Gustavo','Andrade',29,'Argentina','175 cm','70 kg','https://media.api-sports.io/football/players/10127.png',NULL,20,2),(60,11379,'A. Batalla','Augusto Martín','Batalla Barga',29,'Argentina','186 cm','87 kg','https://media.api-sports.io/football/players/11379.png',NULL,22,4),(61,13402,'A. Palavecino','Agustín','Palavecino Lamela',29,'Argentina','178 cm','73 kg','https://media.api-sports.io/football/players/13402.png',NULL,2,2),(62,35709,'J. Maidana','Jonatan Ramón','Maidana',39,'Argentina','185 cm','84 kg','https://media.api-sports.io/football/players/35709.png',NULL,2,3),(63,51230,'J. Moreira','Jorge Luis','Moreira Ferreira',35,'Paraguay','174 cm','75 kg','https://media.api-sports.io/football/players/51230.png',NULL,2,3),(64,119485,'B. Rollheiser','Benjamín','Rollheiser',25,'Argentina','173 cm','64 kg','https://media.api-sports.io/football/players/119485.png',NULL,2,1),(65,203534,'F. Petroli','Franco','Petroli',27,'Argentina','188 cm','72 kg','https://media.api-sports.io/football/players/203534.png',NULL,2,4),(66,265971,'L. Díaz','Alan Leonardo','Díaz',25,'Argentina','181 cm','76 kg','https://media.api-sports.io/football/players/265971.png',NULL,2,4),(67,311316,'F. Peña','Felipe','Peña Biafore',24,'Argentina','185 cm','77 kg','https://media.api-sports.io/football/players/311316.png',NULL,2,3),(68,311317,'F. Londoño','Flabián','Londoño Bedoya',25,'Colombia','180 cm','82 kg','https://media.api-sports.io/football/players/311317.png',NULL,2,1),(69,314306,'D. Lucero','Daniel Alexandro','Lucero',23,'Argentina','173 cm','67 kg','https://media.api-sports.io/football/players/314306.png',NULL,2,1),(70,314307,'A. Gómez','Agustín Nicolás','Gómez',23,'Argentina','183 cm',NULL,'https://media.api-sports.io/football/players/314307.png',NULL,2,4),(71,2463,'F. Armani','Franco','Armani',39,'Argentina','189 cm','88 kg','https://media.api-sports.io/football/players/2463.png',NULL,2,4),(72,2468,'G. Montiel','Gonzalo Ariel','Montiel',28,'Argentina','175 cm','68 kg','https://media.api-sports.io/football/players/2468.png',NULL,2,3),(73,2550,'P. Díaz','Paulo César','Díaz Huincales',31,'Chile','178 cm','76 kg','https://media.api-sports.io/football/players/2550.png',NULL,2,3),(74,5984,'E. Bologna','Enrique Alberto','Bologna Gómez',43,'Argentina','188 cm','89 kg','https://media.api-sports.io/football/players/5984.png',NULL,2,4),(75,5985,'E. Centurión','Ezequiel Ignacio','Centurión',28,'Argentina','183 cm','77 kg','https://media.api-sports.io/football/players/5985.png',NULL,2,4),(76,5988,'M. Casco','Milton Oscar','Casco',37,'Argentina','170 cm','70 kg','https://media.api-sports.io/football/players/5988.png',NULL,2,3),(77,5997,'I. Fernández','Ignacio Martín','Fernández',35,'Argentina','182 cm','67 kg','https://media.api-sports.io/football/players/5997.png',NULL,2,2),(78,5998,'C. Ferreira','Cristian Ezequiel','Ferreira',26,'Argentina','174 cm','67 kg','https://media.api-sports.io/football/players/5998.png',NULL,12,2),(79,5999,'H. López','Hernán Darío','López Muñoz',25,'Argentina','169 cm','67 kg','https://media.api-sports.io/football/players/5999.png',NULL,26,2),(80,6003,'E. Pérez','Enzo Nicolás','Pérez',39,'Argentina','178 cm','77 kg','https://media.api-sports.io/football/players/6003.png',NULL,2,2),(81,6006,'S. Sosa','Santiago','Sosa',26,'Argentina','175 cm','78 kg','https://media.api-sports.io/football/players/6006.png',NULL,2,2),(82,6008,'B. Zuculini','Bruno','Zuculini',32,'Argentina','182 cm','74 kg','https://media.api-sports.io/football/players/6008.png',NULL,2,2),(83,6010,'L. Beltrán','Lucas','Beltrán',24,'Argentina','174 cm','75 kg','https://media.api-sports.io/football/players/6010.png',NULL,12,1),(84,6012,'F. Girotti','Federico','Girotti Bonazza',26,'Argentina','189 cm','83 kg','https://media.api-sports.io/football/players/6012.png',NULL,2,1),(85,10149,'B. Romero','Braian Ezequiel','Romero',34,'Argentina','180 cm','70 kg','https://media.api-sports.io/football/players/10149.png',NULL,8,1),(86,125333,'E. López','Elías Sebastián','López',25,'Argentina','169 cm','70 kg','https://media.api-sports.io/football/players/125333.png',NULL,6,3),(87,237143,'S. Simón','Santiago','Simón',23,'Argentina','178 cm','76 kg','https://media.api-sports.io/football/players/237143.png',NULL,2,2),(88,237274,'T. Lecanda','Tomás Leonardo','Lecanda',23,'Argentina','180 cm','72 kg','https://media.api-sports.io/football/players/237274.png',NULL,2,3),(89,265912,'T. Galván','Tomás Ezequiel','Galván',25,'Argentina','167 cm','61 kg','https://media.api-sports.io/football/players/265912.png',NULL,2,2),(90,265947,'T. Castro Ponce','Tomás Ezequiel','Castro Ponce',24,'Argentina','186 cm','79 kg','https://media.api-sports.io/football/players/265947.png',NULL,2,2),(91,2479,'M. Suárez','Matías Exequiel','Suárez',37,'Argentina','182 cm','72 kg','https://media.api-sports.io/football/players/2479.png',NULL,2,1),(92,5991,'D. Martínez','Héctor David','Martínez',27,'Paraguay','180 cm','75 kg','https://media.api-sports.io/football/players/5991.png',NULL,2,3),(93,5994,'J. Carrascal','Jorge Andrés','Carrascal Guardo',27,'Colombia','180 cm','75 kg','https://media.api-sports.io/football/players/5994.png',NULL,2,2),(94,5996,'E. Fernández','Enzo Jeremías','Fernández',24,'Argentina','178 cm','76 kg','https://media.api-sports.io/football/players/5996.png',NULL,8,2),(95,6009,'J. Álvarez','Julián','Álvarez',25,'Argentina','170 cm','71 kg','https://media.api-sports.io/football/players/6009.png',NULL,2,1),(96,253697,'A. Aguirre','Augusto Ezequiel','Aguirre',26,'Argentina','184 cm','77 kg','https://media.api-sports.io/football/players/253697.png',NULL,6,3),(97,331540,'F. Salomoni','Felipe','Salomoni',22,'Argentina','180 cm','72 kg','https://media.api-sports.io/football/players/331540.png',NULL,2,2),(98,1788,'L. Melgarejo','Lorenzo António','Melgarejo Sanabria',35,'Paraguay','177 cm','75 kg','https://media.api-sports.io/football/players/1788.png',NULL,3,2),(99,5904,'G. Gómez','Gastón','Gómez',29,'Argentina','189 cm','88 kg','https://media.api-sports.io/football/players/5904.png',NULL,3,4),(100,5922,'E. Cardozo','Evelio Ramón','Cardozo',24,'Argentina','167 cm','59 kg','https://media.api-sports.io/football/players/5922.png',NULL,3,2),(101,5927,'L. López','Lisandro','López',42,'Argentina','174 cm','74 kg','https://media.api-sports.io/football/players/5927.png',NULL,3,1),(102,6631,'N. Reniero','Gastón Nicolás','Reniero',30,'Argentina','183 cm','77 kg','https://media.api-sports.io/football/players/6631.png',NULL,20,1),(103,30743,'E. Schelotto','Matías Ezequiel','Schelotto',36,'Italy','187 cm','77 kg','https://media.api-sports.io/football/players/30743.png',NULL,3,3),(104,106357,'C. Marcial','Cristian Alejandro','Marcial',29,'Argentina','179 cm','81 kg','https://media.api-sports.io/football/players/106357.png',NULL,25,3),(105,119135,'G. Iturra','Gustavo Javier','Iturra Matus',26,'Argentina','167 cm','57 kg','https://media.api-sports.io/football/players/119135.png',NULL,3,2),(106,145770,'I. Maggi','Iván Gabriel','Maggi',26,'Argentina','178 cm','74 kg','https://media.api-sports.io/football/players/145770.png',NULL,3,1),(107,194637,'F. Vietto','Federico','Vietto',27,'Argentina','179 cm','66 kg','https://media.api-sports.io/football/players/194637.png',NULL,3,1),(108,201829,'F. Prado','Fernando Andrés','Prado Avelino',24,'Uruguay','177 cm','74 kg','https://media.api-sports.io/football/players/201829.png',NULL,3,3),(109,278352,'N. Gómez','Ángel Nahuel','Gómez',24,'Argentina','171 cm','64 kg','https://media.api-sports.io/football/players/278352.png',NULL,3,2),(110,278354,'M. Núñez','Matías Adrián','Núñez',25,'Argentina','169 cm','72 kg','https://media.api-sports.io/football/players/278354.png',NULL,3,2),(111,278355,'A. Ortíz','Alan Damián','Ortíz',26,'Argentina','169 cm','62 kg','https://media.api-sports.io/football/players/278355.png',NULL,3,2),(112,278356,'A. Rojas','Agustín Daniel','Rojas',25,'Argentina','170 cm','65 kg','https://media.api-sports.io/football/players/278356.png',NULL,3,2),(113,280931,'I. Segovia','Imanol','Segovia',24,'Argentina','191 cm','83 kg','https://media.api-sports.io/football/players/280931.png',NULL,3,3),(114,280933,'L. Núñez','Lucas Fabián','Núñez',23,'Argentina','160 cm','53 kg','https://media.api-sports.io/football/players/280933.png',NULL,3,2),(115,311324,'M. Coyette','Mateo','Coyette',22,'Argentina','171 cm','72 kg','https://media.api-sports.io/football/players/311324.png',NULL,3,3),(116,311325,'A. Villarroel','Alexis Damián','Villarroel',25,'Argentina','170 cm','69 kg','https://media.api-sports.io/football/players/311325.png',NULL,3,1),(117,332660,'G. Viera','Gastón Agustín','Viera',22,'Argentina','170 cm','62 kg','https://media.api-sports.io/football/players/332660.png',NULL,3,1),(118,5910,'L. Sigali','Leonardo Germán','Sigali',38,'Argentina','180 cm','72 kg','https://media.api-sports.io/football/players/5910.png',NULL,3,3),(119,5915,'N. Domínguez','Nery Andrés','Domínguez',35,'Argentina','184 cm','80 kg','https://media.api-sports.io/football/players/5915.png',NULL,3,3),(120,5924,'J. Cristaldo','Jonatan Ezequiel','Cristaldo',36,'Argentina','176 cm','81 kg','https://media.api-sports.io/football/players/5924.png',NULL,19,1),(121,6114,'B. Álvarez','Braian Gabriel','Álvarez',28,'Argentina','171 cm','68 kg','https://media.api-sports.io/football/players/6114.png',NULL,3,3),(122,6127,'M. Cuadra','Pablo Maximiliano','Cuadra',30,'Argentina','172 cm','64 kg','https://media.api-sports.io/football/players/6127.png',NULL,3,1),(123,6347,'A. Moreno','Aníbal Ismael','Moreno',26,'Argentina','178 cm','74 kg','https://media.api-sports.io/football/players/6347.png',NULL,19,2),(124,6572,'J. Novillo','Joaquín Ariel','Novillo',27,'Argentina','190 cm','86 kg','https://media.api-sports.io/football/players/6572.png',NULL,3,3),(125,6583,'M. Meli','César Marcelo','Meli',33,'Argentina','174 cm','77 kg','https://media.api-sports.io/football/players/6583.png',NULL,3,2),(126,16389,'G. Cortéz','Gustavo Orlando','Cortéz Quiñónez',28,'Ecuador','176 cm','76 kg','https://media.api-sports.io/football/players/16389.png',NULL,3,3),(127,108434,'G. Córdoba','Gonzalo Germán','Córdoba',25,'Argentina','160 cm','62 kg','https://media.api-sports.io/football/players/108434.png',NULL,3,2),(128,126868,'F. Domínguez','Fabricio','Domínguez Huertas',27,'Uruguay','177 cm','70 kg','https://media.api-sports.io/football/players/126868.png',NULL,3,2),(129,144743,'B. Garré','Benjamín Antonio','Garré',25,'Argentina','172 cm','63 kg','https://media.api-sports.io/football/players/144743.png',NULL,3,2),(130,167705,'L. Andrada','Luca Javier','Andrada',24,'Argentina','177 cm','68 kg','https://media.api-sports.io/football/players/167705.png',NULL,3,2),(131,194891,'E. Machuca','Elías Ezequiel','Machuca',22,'Argentina','169 cm','54 kg','https://media.api-sports.io/football/players/194891.png',NULL,3,3),(132,195992,'J. Cáceres','Juan José','Cáceres',25,'Paraguay','173 cm','62 kg','https://media.api-sports.io/football/players/195992.png',NULL,3,3),(133,195993,'C. Alcaraz','Carlos Jonas','Alcaraz Duran',23,'Argentina','176 cm','68 kg','https://media.api-sports.io/football/players/195993.png',NULL,3,2),(134,278358,'S. Godoy','Santiago Leandro','Godoy',24,'Argentina','182 cm','69 kg','https://media.api-sports.io/football/players/278358.png',NULL,3,1),(135,280932,'A. Araujo','Agustín Alejandro','Araujo',26,'Argentina','160 cm','59 kg','https://media.api-sports.io/football/players/280932.png',NULL,3,2),(136,280935,'P. Tanda','Patricio Damián','Tanda',23,'Argentina','177 cm','73 kg','https://media.api-sports.io/football/players/280935.png',NULL,3,2),(137,302947,'I. Galván','Ignacio','Galván',23,'Argentina','177 cm','65 kg','https://media.api-sports.io/football/players/302947.png',NULL,3,3),(138,2513,'M. Rojas','Matías Nicolás','Rojas Romero',30,'Paraguay','180 cm','78 kg','https://media.api-sports.io/football/players/2513.png',NULL,3,2),(139,2547,'G. Arias','Gabriel','Arias Arroyo',38,'Chile','189 cm','85 kg','https://media.api-sports.io/football/players/2547.png',NULL,3,4),(140,2554,'E. Mena','Eugenio Esteban','Mena Reveco',37,'Chile','173 cm','68 kg','https://media.api-sports.io/football/players/2554.png',NULL,3,3),(141,5624,'M. Tagliamonte','Matías Nicolás','Tagliamonte',27,'Argentina','195 cm','88 kg','https://media.api-sports.io/football/players/5624.png',NULL,3,4),(142,5635,'E. Copetti','Enzo Nahuel','Copetti',29,'Argentina','180 cm','88 kg','https://media.api-sports.io/football/players/5635.png',NULL,3,1),(143,5908,'I. Pillud','Iván Alexis','Pillud',39,'Argentina','177 cm','74 kg','https://media.api-sports.io/football/players/5908.png',NULL,3,3),(144,5911,'A. Soto','Alexis Nelson Nahuel','Soto',32,'Argentina','176 cm','75 kg','https://media.api-sports.io/football/players/5911.png',NULL,8,3),(145,5914,'M. Díaz','Marcelo Alfonso','Díaz Rojas',39,'Chile','166 cm','67 kg','https://media.api-sports.io/football/players/5914.png',NULL,3,2),(146,5917,'J. López','Julián Alejo','López',25,'Argentina','186 cm','75 kg','https://media.api-sports.io/football/players/5917.png',NULL,3,2),(147,5918,'Mauricio Leonel Martínez','Mauricio Leonel','Martínez',32,'Argentina','186 cm','82 kg','https://media.api-sports.io/football/players/5918.png',NULL,3,2),(148,5948,'L. Miranda','Leonel Ariel','Miranda',31,'Argentina','173 cm','70 kg','https://media.api-sports.io/football/players/5948.png',NULL,3,2),(149,6314,'K. Gutiérrez','Kevin Facundo','Gutiérrez',28,'Argentina','168 cm','65 kg','https://media.api-sports.io/football/players/6314.png',NULL,8,2),(150,6523,'M. Lovera','Maximiliano Alberto','Lovera',26,'Argentina','170 cm','65 kg','https://media.api-sports.io/football/players/6523.png',NULL,3,1),(151,6628,'H. Fértoli','Héctor Hugo','Fértoli',31,'Argentina','174 cm','63 kg','https://media.api-sports.io/football/players/6628.png',NULL,18,2),(152,6659,'T. Chancalay','Tomás Alejandro','Chancalay',26,'Argentina','179 cm','76 kg','https://media.api-sports.io/football/players/6659.png',NULL,3,1),(153,35790,'J. Correa','Marcelo Javier','Correa',33,'Argentina','184 cm','86 kg','https://media.api-sports.io/football/players/35790.png',NULL,3,1),(154,194892,'T. Banega','Tiago Nahuel','Banega',26,'Argentina','177 cm','67 kg','https://media.api-sports.io/football/players/194892.png',NULL,9,2),(155,278357,'F. Sánchez','Sergio Fabián','Sánchez',24,'Argentina','170 cm','71 kg','https://media.api-sports.io/football/players/278357.png',NULL,3,2),(156,308534,'R. León','Roberto Ignacio','León',24,'Argentina','187 cm','80 kg','https://media.api-sports.io/football/players/308534.png',NULL,3,4),(157,6491,'J. Ayala','Josué Daniel','Ayala',37,'Argentina','183 cm','80 kg','https://media.api-sports.io/football/players/6491.png',NULL,4,4),(158,6524,'A. Marinelli','Alan Nicolás','Marinelli',26,'Argentina','174 cm','70 kg','https://media.api-sports.io/football/players/6524.png',NULL,4,1),(159,10150,'M. Ruben','Marco Gastón','Ruben Rodríguez',39,'Argentina','179 cm','72 kg','https://media.api-sports.io/football/players/10150.png',NULL,4,1),(160,33169,'Leandro Luis Desábato','Leandro Luis','Desábato',35,'Argentina','176 cm','77 kg','https://media.api-sports.io/football/players/33169.png',NULL,4,2),(161,35578,'M. Caraglio','Milton Joel','Caraglio',37,'Argentina','187 cm','86 kg','https://media.api-sports.io/football/players/35578.png',NULL,4,1),(162,35967,'D. Novaretti','Diego Martín','Novaretti',39,'Argentina','193 cm','85 kg','https://media.api-sports.io/football/players/35967.png',NULL,4,3),(163,51467,'M. Rabuñal','Martín Ernesto','Rabuñal Rey',31,'Uruguay','183 cm','77 kg','https://media.api-sports.io/football/players/51467.png',NULL,4,2),(164,52963,'M. Covea','Michael O\'Neal','Covea Uzcátegui',32,'Venezuela','175 cm','75 kg','https://media.api-sports.io/football/players/52963.png',NULL,4,2),(165,95197,'R. Garay','Ricardo','Garay Lima',28,'Paraguay','186 cm',NULL,'https://media.api-sports.io/football/players/95197.png',NULL,4,3),(166,196324,'J. Mazzaco','Joan','Mazzaco',25,'Argentina','170 cm','68 kg','https://media.api-sports.io/football/players/196324.png',NULL,4,3),(167,289442,'J. Romero','Juan Pablo','Romero',26,'Argentina','181 cm','82 kg','https://media.api-sports.io/football/players/289442.png',NULL,4,4),(168,289443,'M. Maslovski','Álvaro Mauricio','Maslovski',25,'Argentina','185 cm','75 kg','https://media.api-sports.io/football/players/289443.png',NULL,4,4),(169,294557,'R. Sangiovani','Rafael','Sangiovani',27,'Argentina','168 cm','66 kg','https://media.api-sports.io/football/players/294557.png',NULL,4,2),(170,296961,'N. Franco','Nahuel Ismael','Franco',24,'Argentina','177 cm','71 kg','https://media.api-sports.io/football/players/296961.png',NULL,4,3),(171,311328,'L. Amud','Lucas Tadeo','Amud',24,'Argentina','172 cm','68 kg','https://media.api-sports.io/football/players/311328.png',NULL,4,3),(172,311330,'F. Godoy','Fernando Román','Godoy',25,'Argentina','175 cm','74 kg','https://media.api-sports.io/football/players/311330.png',NULL,4,3),(173,311335,'F. Bustos','Franco Darío','Bustos Glavas',22,'Argentina','170 cm','64 kg','https://media.api-sports.io/football/players/311335.png',NULL,4,2),(174,311337,'S. García','Santiago','García',23,'Argentina','166 cm','65 kg','https://media.api-sports.io/football/players/311337.png',NULL,4,2),(175,311343,'J. Cerrudo','Juan Cruz','Cerrudo',21,'Argentina','168 cm','65 kg','https://media.api-sports.io/football/players/311343.png',NULL,4,1),(176,325824,'J. Luques','Julio Leonardo','Luques',23,'Argentina',NULL,NULL,'https://media.api-sports.io/football/players/325824.png',NULL,4,2),(177,5213,'F. Torrent','Fernando','Torrent Guidi',34,'Argentina','173 cm','72 kg','https://media.api-sports.io/football/players/5213.png',NULL,4,3),(178,5365,'P. Cucchi','Patricio','Cucchi',32,'Argentina','180 cm','75 kg','https://media.api-sports.io/football/players/5365.png',NULL,24,1),(179,5962,'G. Ávila','Gastón Luciano','Ávila',24,'Argentina','182 cm','80 kg','https://media.api-sports.io/football/players/5962.png',NULL,4,3),(180,6109,'D. Martínez','Damián Alberto','Martínez',35,'Argentina','177 cm','65 kg','https://media.api-sports.io/football/players/6109.png',NULL,4,3),(181,6125,'D. Zabala','Diego Martín','Zabala Morales',34,'Uruguay','172 cm','69 kg','https://media.api-sports.io/football/players/6125.png',NULL,4,2),(182,6494,'F. Almada','Facundo Ezequiel','Almada',27,'Argentina','179 cm','82 kg','https://media.api-sports.io/football/players/6494.png',NULL,4,3),(183,50313,'E. Vecchio','Emiliano Gabriel','Vecchio',37,'Argentina','177 cm','88 kg','https://media.api-sports.io/football/players/50313.png',NULL,4,2),(184,129877,'F. Lo Celso','Francesco','Lo Celso',25,'Argentina','182 cm','77 kg','https://media.api-sports.io/football/players/129877.png',NULL,4,2),(185,289446,'L. Ferreyra','Luciano Ismael','Ferreyra',23,'Argentina','164 cm','63 kg','https://media.api-sports.io/football/players/289446.png',NULL,4,2),(186,289449,'L. Martínez Dupuy','Luca Leovino','Martínez Dupuy',24,'Mexico','180 cm','73 kg','https://media.api-sports.io/football/players/289449.png',NULL,4,1),(187,296671,'L. Giaccone','Lautaro Darío','Giaccone',24,'Argentina','172 cm','70 kg','https://media.api-sports.io/football/players/296671.png',NULL,4,2),(188,296962,'F. Frías','Franco Ezequiel','Frías',23,'Argentina','174 cm','69 kg','https://media.api-sports.io/football/players/296962.png',NULL,4,1),(189,311329,'U. Ciccioli','Ulises Albano','Ciccioli',22,'Argentina','173 cm','66 kg','https://media.api-sports.io/football/players/311329.png',NULL,4,3),(190,311331,'A. Jerkovic','Alan Julián','Jerkovic',23,'Argentina','173 cm','65 kg','https://media.api-sports.io/football/players/311331.png',NULL,4,3),(191,311332,'F. Rodríguez','Fernando Iván','Rodríguez',25,'Argentina','182 cm','79 kg','https://media.api-sports.io/football/players/311332.png',NULL,4,3),(192,311333,'K. Silva','Kevin Isaías','Silva',22,'Argentina','185 cm','79 kg','https://media.api-sports.io/football/players/311333.png',NULL,4,3),(193,311338,'G. Gómez','Gonzalo Emanuel','Gómez',24,'Argentina','173 cm','73 kg','https://media.api-sports.io/football/players/311338.png',NULL,4,2),(194,311339,'L. Iglesias','Leandro Joel','Iglesias',24,'Argentina','170 cm','68 kg','https://media.api-sports.io/football/players/311339.png',NULL,4,2),(195,311342,'R. Peralta','Ramiro Miguel','Peralta',22,'Argentina','170 cm','64 kg','https://media.api-sports.io/football/players/311342.png',NULL,4,2),(196,311344,'A. Véliz','Alejo','Véliz',22,'Argentina','186 cm','77 kg','https://media.api-sports.io/football/players/311344.png',NULL,4,1),(197,1053,'J. Broun','Jorge Emanuel','Broun',39,'Argentina','190 cm','90 kg','https://media.api-sports.io/football/players/1053.png',NULL,4,4),(198,6051,'J. Laso','Joaquín Marcelo','Laso',35,'Argentina','185 cm','80 kg','https://media.api-sports.io/football/players/6051.png',NULL,16,3),(199,6192,'L. Gamba','Lucas Emanuel','Gamba',38,'Argentina','165 cm','65 kg','https://media.api-sports.io/football/players/6192.png',NULL,4,1),(200,6493,'M. Miño','Marcelo Agustín','Miño',28,'Argentina','186 cm','72 kg','https://media.api-sports.io/football/players/6493.png',NULL,4,4),(201,6502,'R. González','Rodrigo Iván','González',25,'Argentina','175 cm',NULL,'https://media.api-sports.io/football/players/6502.png',NULL,4,3),(202,6513,'E. Ojeda','Pedro Emmanuel','Ojeda',28,'Argentina','180 cm','72 kg','https://media.api-sports.io/football/players/6513.png',NULL,4,2),(203,6519,'R. Villagra','Rodrigo Román','Villagra',24,'Argentina','178 cm','70 kg','https://media.api-sports.io/football/players/6519.png',NULL,18,2),(204,65684,'N. Ferreyra','Nicolás Agustín','Ferreyra',32,'Argentina','194 cm','91 kg','https://media.api-sports.io/football/players/65684.png',NULL,4,3),(205,289444,'L. Blanco','Lautaro Emanuel','Blanco',26,'Argentina','176 cm','81 kg','https://media.api-sports.io/football/players/289444.png',NULL,4,3),(206,289445,'M. Tanlongo','Mateo','Tanlongo',22,'Argentina','177 cm','73 kg','https://media.api-sports.io/football/players/289445.png',NULL,4,2),(207,289447,'G. Infantino','Gino','Infantino',22,'Argentina','178 cm','76 kg','https://media.api-sports.io/football/players/289447.png',NULL,4,2),(208,289448,'I. Russo','Ignacio','Russo Cordero',25,'Argentina','175 cm','77 kg','https://media.api-sports.io/football/players/289448.png',NULL,4,1),(209,292834,'N. Meriano','Nicolás','Meriano',25,'Argentina','190 cm','83 kg','https://media.api-sports.io/football/players/292834.png',NULL,4,3),(210,311327,'V. Quintero','Valentino Mariano','Quintero',22,'Argentina','193 cm','91 kg','https://media.api-sports.io/football/players/311327.png',NULL,4,4),(211,311334,'F. Buonanotte','Facundo Valentín','Buonanotte',21,'Argentina','174 cm','66 kg','https://media.api-sports.io/football/players/311334.png',NULL,4,2),(212,1694,'S. Cáseres','Santiago','Cáseres',28,'Argentina','177 cm','75 kg','https://media.api-sports.io/football/players/1694.png',NULL,5,2),(213,2388,'C. Lampe','Carlos Emilio','Lampe Porras',38,'Bolivia','192 cm','81 kg','https://media.api-sports.io/football/players/2388.png',NULL,5,4),(214,2568,'Alexander Domínguez Carabalí','Alexander','Domínguez Carabalí',38,'Ecuador','196 cm','80 kg','https://media.api-sports.io/football/players/2568.png',NULL,5,4),(215,5913,'R. Centurión','Adrián Ricardo','Centurión',32,'Argentina','174 cm','65 kg','https://media.api-sports.io/football/players/5913.png',NULL,5,1),(216,6067,'T. Almada','Thiago Ezequiel','Almada',24,'Argentina','171 cm','63 kg','https://media.api-sports.io/football/players/6067.png',NULL,5,2),(217,6326,'J. Lucero','Juan Martín','Lucero',34,'Argentina','179 cm','63 kg','https://media.api-sports.io/football/players/6326.png',NULL,5,1),(218,6623,'G. Poblete','Gerónimo Gastón','Poblete',32,'Argentina','175 cm','71 kg','https://media.api-sports.io/football/players/6623.png',NULL,5,2),(219,129895,'F. Perrone','Facundo Jesús','Perrone',26,'Argentina','191 cm','82 kg','https://media.api-sports.io/football/players/129895.png',NULL,5,4),(220,196741,'M. Enrique','Marcos Nahuel','Enrique',26,'Argentina','178 cm','76 kg','https://media.api-sports.io/football/players/196741.png',NULL,5,2),(221,196742,'F. Versaci','Federico','Versaci',23,'Argentina','170 cm','68 kg','https://media.api-sports.io/football/players/196742.png',NULL,5,1),(222,258509,'L. Janson','Lucas Ezequiel','Janson',29,'Argentina','171 cm','67 kg','https://media.api-sports.io/football/players/258509.png',NULL,5,1),(223,288695,'Y. De Vito','Yago','De Vito',24,'Argentina','183 cm','76 kg','https://media.api-sports.io/football/players/288695.png',NULL,5,3),(224,288696,'F. Di Lena','Felipe Nicolás','Di Lena',24,'Argentina','179 cm','67 kg','https://media.api-sports.io/football/players/288696.png',NULL,5,3),(225,292170,'Lenny Lobato','Lenny Ivo','Lobato Romanelli',24,'Brazil','174 cm','70 kg','https://media.api-sports.io/football/players/292170.png',NULL,5,1),(226,303661,'I. Rasso','Ián Franco','Rasso',25,'Argentina','181 cm','74 kg','https://media.api-sports.io/football/players/303661.png',NULL,5,3),(227,307563,'N. Romero','Nazareno Andrés','Romero',25,'Argentina','172 cm','69 kg','https://media.api-sports.io/football/players/307563.png',NULL,5,3),(228,307565,'T. Ojeda','Thiago Ezequiel','Ojeda',22,'Argentina','188 cm','82 kg','https://media.api-sports.io/football/players/307565.png',NULL,5,2),(229,310985,'S. Coronel','Santiago Agustín','Coronel',25,'Argentina','170 cm','72 kg','https://media.api-sports.io/football/players/310985.png',NULL,5,1),(230,311068,'L. Rebecchi','Lucas Gabriel','Rebecchi',24,'Argentina','183 cm','75 kg','https://media.api-sports.io/football/players/311068.png',NULL,5,1),(231,321664,'G. Ulibarri','Sergio Gerónimo','Ulibarri',24,'Argentina',NULL,NULL,'https://media.api-sports.io/football/players/321664.png',NULL,5,3),(232,5312,'C. Tarragona','Cristian Alberto','Tarragona',34,'Argentina','180 cm','77 kg','https://media.api-sports.io/football/players/5312.png',NULL,5,1),(233,6014,'L. Pratto','Lucas David','Pratto',37,'Argentina','188 cm','85 kg','https://media.api-sports.io/football/players/6014.png',NULL,5,1),(234,6045,'M. Borgogno','Matías Nahuel','Borgogno',27,'Argentina','187 cm','74 kg','https://media.api-sports.io/football/players/6045.png',NULL,5,4),(235,6053,'A. Bouzat','Agustín','Bouzat',31,'Argentina','173 cm','73 kg','https://media.api-sports.io/football/players/6053.png',NULL,5,2),(236,6057,'P. Galdames','Pablo Ignacio','Galdames Millán',29,'Chile','175 cm','68 kg','https://media.api-sports.io/football/players/6057.png',NULL,5,2),(237,6059,'G. Mainero','Guido','Mainero',30,'Argentina','177 cm','66 kg','https://media.api-sports.io/football/players/6059.png',NULL,24,1),(238,6064,'F. Ortega','Francisco Gabriel','Ortega',26,'Argentina','178 cm','75 kg','https://media.api-sports.io/football/players/6064.png',NULL,5,3),(239,13635,'M. de los Santos','Matías','de los Santos de los Santos',33,'Uruguay','186 cm','83 kg','https://media.api-sports.io/football/players/13635.png',NULL,5,3),(240,35720,'F. Mancuello','Federico Andrés','Mancuello',36,'Argentina','177 cm','75 kg','https://media.api-sports.io/football/players/35720.png',NULL,5,2),(241,50766,'L. Jara','Leonardo Rafael','Jara',34,'Argentina','180 cm','79 kg','https://media.api-sports.io/football/players/50766.png',NULL,15,3),(242,51600,'E. Martínez','Enzo Gabriel','Martínez Suárez',27,'Uruguay','183 cm','75 kg','https://media.api-sports.io/football/players/51600.png',NULL,5,3),(243,126670,'M. Brizuela','Miguel Marcelo','Brizuela',28,'Argentina','182 cm','77 kg','https://media.api-sports.io/football/players/126670.png',NULL,5,3),(244,129896,'J. García','Roberto Joaquín','García',24,'Argentina','181 cm','73 kg','https://media.api-sports.io/football/players/129896.png',NULL,5,3),(245,129897,'D. Fernández','Damián Ariel','Fernández',24,'Argentina','178 cm','75 kg','https://media.api-sports.io/football/players/129897.png',NULL,5,3),(246,196743,'F. Monzón','Florián Gonzalo de Jesús','Monzón',24,'Argentina','186 cm','79 kg','https://media.api-sports.io/football/players/196743.png',NULL,25,1),(247,197668,'N. Garayalde','Nicolás','Garayalde',26,'Argentina','182 cm','76 kg','https://media.api-sports.io/football/players/197668.png',NULL,5,2),(248,288693,'Emmanuel Gómez','Emmanuel Francisco','Gómez Riga',24,'Argentina','186 cm','77 kg','https://media.api-sports.io/football/players/288693.png',NULL,5,4),(249,288694,'T. Cavanagh','Tomás Bernardo','Cavanagh',24,'Argentina','183 cm','66 kg','https://media.api-sports.io/football/players/288694.png',NULL,5,3),(250,288698,'P. Pernicone','Patricio Ezequiel','Pernicone',24,'Argentina','183 cm','77 kg','https://media.api-sports.io/football/players/288698.png',NULL,5,3),(251,292172,'Mateo Pellegrino','Mateo','Pellegrino Casalánguida',24,'Argentina','193 cm','85 kg','https://media.api-sports.io/football/players/292172.png',NULL,5,1),(252,2418,'L. Abram','Luis Alfonso','Abram Ugarelli',29,'Peru','181 cm','76 kg','https://media.api-sports.io/football/players/2418.png',NULL,5,3),(253,6046,'L. Hoyos','Lucas Adrián','Hoyos',36,'Argentina','183 cm','76 kg','https://media.api-sports.io/football/players/6046.png',NULL,5,4),(254,6049,'H. De La Fuente','Hernán','De La Fuente',28,'Argentina','177 cm','73 kg','https://media.api-sports.io/football/players/6049.png',NULL,5,3),(255,6050,'L. Gianetti','Lautaro Daniel','Giannetti',32,'Argentina','184 cm','79 kg','https://media.api-sports.io/football/players/6050.png',NULL,5,3),(256,6061,'A. Muñoz','Elian Ariel','Muñoz Aizcorbe',25,'Argentina','175 cm','74 kg','https://media.api-sports.io/football/players/6061.png',NULL,5,2),(257,6063,'L. Orellano','Luca Nicolás','Orellano',25,'Argentina','177 cm','66 kg','https://media.api-sports.io/football/players/6063.png',NULL,5,1),(258,6161,'L. Janson','Lucas Ezequiel','Janson',31,'Argentina','171 cm','67 kg','https://media.api-sports.io/football/players/6161.png',NULL,5,1),(259,6259,'E. Amor','Emiliano Javier','Amor',30,'Argentina','190 cm','80 kg','https://media.api-sports.io/football/players/6259.png',NULL,5,3),(260,6567,'T. Guidara','Tomás Ezequiel','Guidara',29,'Argentina','173 cm','68 kg','https://media.api-sports.io/football/players/6567.png',NULL,5,3),(261,195764,'F. Cáseres','Facundo Agustín','Cáseres',24,'Argentina','176 cm','68 kg','https://media.api-sports.io/football/players/195764.png',NULL,5,2),(262,288699,'M. Perrone','Máximo','Perrone',22,'Argentina','177 cm','68 kg','https://media.api-sports.io/football/players/288699.png',NULL,5,2),(263,292171,'A. Mulet','Agustín Nicolás','Mulet',25,'Argentina','183 cm','74 kg','https://media.api-sports.io/football/players/292171.png',NULL,5,2),(264,311067,'S. Castro','Santiago Thomas','Castro',21,'Argentina','180 cm','80 kg','https://media.api-sports.io/football/players/311067.png',NULL,5,1),(265,5937,'H. Silva','Hugo Ezequiel','Silva',33,'Argentina','177 cm','76 kg','https://media.api-sports.io/football/players/5937.png',NULL,8,3),(266,6113,'N. Acevedo','Nelson Fernando','Acevedo',37,'Argentina','171 cm','75 kg','https://media.api-sports.io/football/players/6113.png',NULL,7,2),(267,6293,'M. Soria','Matías Agustín','Soria Zárate',24,'Argentina','180 cm','76 kg','https://media.api-sports.io/football/players/6293.png',NULL,6,4),(268,6315,'F. Henríquez','Fabián Gastón','Henríquez',30,'Argentina','185 cm','74 kg','https://media.api-sports.io/football/players/6315.png',NULL,10,2),(269,6317,'A. Manzur','Enzo Agustín','Manzur',25,'Argentina','169 cm','71 kg','https://media.api-sports.io/football/players/6317.png',NULL,6,2),(270,6319,'L. Pizarro','Luciano Gastón','Pizarro',28,'Argentina','186 cm','61 kg','https://media.api-sports.io/football/players/6319.png',NULL,6,2),(271,6535,'I. Escobar','Ian Eduardo','Escobar Ibáñez',29,'Argentina','173 cm','66 kg','https://media.api-sports.io/football/players/6535.png',NULL,6,3),(272,6640,'G. Ortiz','Guillermo Luis','Ortiz',33,'Argentina','183 cm','76 kg','https://media.api-sports.io/football/players/6640.png',NULL,17,3),(273,36108,'A. Cirigliano','Adrián Ezequiel','Cirigliano',33,'Argentina','172 cm','70 kg','https://media.api-sports.io/football/players/36108.png',NULL,6,2),(274,47073,'M. Dos Santos','Mauro Javier','Dos Santos',36,'Argentina','182 cm','79 kg','https://media.api-sports.io/football/players/47073.png',NULL,6,3),(275,51141,'C. Colmán','Cristian Ariel','Colmán Ortíz',31,'Paraguay','185 cm','79 kg','https://media.api-sports.io/football/players/51141.png',NULL,6,1),(276,59040,'L. González','Leonel Hernán','González',31,'Argentina','179 cm','83 kg','https://media.api-sports.io/football/players/59040.png',NULL,6,3),(277,119479,'Tomás Agustín Álvarez','Tomás Agustín','Álvarez',25,'Argentina',NULL,NULL,'https://media.api-sports.io/football/players/119479.png',NULL,6,3),(278,170119,'A. Cantero','Alan Martín','Cantero',27,'Argentina',NULL,NULL,'https://media.api-sports.io/football/players/170119.png',NULL,6,1),(279,199924,'M. Llano','Manuel Tadeo','Llano Massa',26,'Argentina','184 cm','74 kg','https://media.api-sports.io/football/players/199924.png',NULL,19,3),(280,294025,'M. Argüello','Martín','Argüello',25,'Argentina',NULL,NULL,'https://media.api-sports.io/football/players/294025.png',NULL,6,2),(281,296456,'P. Peña','Pablo','Peña',26,'Argentina',NULL,NULL,'https://media.api-sports.io/football/players/296456.png',NULL,6,3),(282,323255,'E. Quinteros','Emanuel Alejandro','Quinteros',25,'Argentina',NULL,NULL,'https://media.api-sports.io/football/players/323255.png',NULL,6,2),(283,337973,'R. Colucci','Roberto Oscar','Colucci',24,'Argentina','183 cm','80 kg','https://media.api-sports.io/football/players/337973.png',NULL,6,3),(284,344997,'L. Soria','Leandro','Soria',21,'Argentina','175 cm','70 kg','https://media.api-sports.io/football/players/344997.png',NULL,6,1),(285,5218,'S. Lomónaco','Sebastián Ariel','Lomónaco',27,'Argentina','173 cm','66 kg','https://media.api-sports.io/football/players/5218.png',NULL,6,1),(286,5451,'M. Ramírez','Claudio Matías','Ramírez',26,'Argentina',NULL,NULL,'https://media.api-sports.io/football/players/5451.png',NULL,6,1),(287,5452,'R. Tesuri','Renzo Iván','Tesuri',29,'Argentina','166 cm','60 kg','https://media.api-sports.io/football/players/5452.png',NULL,17,2),(288,5485,'G. Goñi','Marcos Gonzalo','Goñi',27,'Argentina','184 cm','79 kg','https://media.api-sports.io/football/players/5485.png',NULL,21,3),(289,5888,'G. Pereira','Guillermo Fabián','Pereira',31,'Argentina','178 cm','73 kg','https://media.api-sports.io/football/players/5888.png',NULL,6,2),(290,6292,'R. Ramírez','Roberto Fabián','Ramírez',29,'Argentina','182 cm','75 kg','https://media.api-sports.io/football/players/6292.png',NULL,6,4),(291,6298,'T. Cardona','Tomás','Cardona Bernaschina',30,'Argentina','186 cm','78 kg','https://media.api-sports.io/football/players/6298.png',NULL,8,3),(292,6306,'J. Andrada','Juan Alberto','Andrada',30,'Argentina','183 cm','77 kg','https://media.api-sports.io/football/players/6306.png',NULL,21,2),(293,6309,'V. Burgoa','Valentín Alberto','Burgoa',25,'Argentina','175 cm','65 kg','https://media.api-sports.io/football/players/6309.png',NULL,6,2),(294,6600,'G. Ferrari','Gianluca','Ferrari',28,'Argentina','181 cm','76 kg','https://media.api-sports.io/football/players/6600.png',NULL,6,3),(295,16403,'J. Chalá','Jeison Daniel','Chalá Vásquez',31,'Ecuador','182 cm','70 kg','https://media.api-sports.io/football/players/16403.png',NULL,6,1),(296,76098,'T. Badaloni','Tomás Oscar','Badaloni',25,'Argentina','186 cm','82 kg','https://media.api-sports.io/football/players/76098.png',NULL,6,1),(297,289664,'M. González','Matías Tomás','González',26,'Argentina','177 cm',NULL,'https://media.api-sports.io/football/players/289664.png',NULL,6,1),(298,290051,'G. Abrego','Gonzalo Damián','Abrego Federicci',25,'Argentina',NULL,NULL,'https://media.api-sports.io/football/players/290051.png',NULL,6,2),(299,296025,'N. Ulariaga','Silvio Nahuel','Ulariaga',23,'Argentina','174 cm',NULL,'https://media.api-sports.io/football/players/296025.png',NULL,6,1),(300,302617,'M. Galeano','Mario Andrés Federico','Galeano',23,'Argentina','183 cm','76 kg','https://media.api-sports.io/football/players/302617.png',NULL,6,1),(301,323254,'B. Leyes','Bruno Javier','Leyes Sosa',24,'Argentina','173 cm','69 kg','https://media.api-sports.io/football/players/323254.png',NULL,6,2),(302,323573,'M. Villalobos','Manuel Agustín','Villalobos',22,'Argentina',NULL,NULL,'https://media.api-sports.io/football/players/323573.png',NULL,6,2),(303,323574,'J. Meli','Juan Andrés','Meli',25,'Argentina','175 cm','72 kg','https://media.api-sports.io/football/players/323574.png',NULL,6,3),(304,328706,'F. Altamira','Facundo Alejandro','Altamira',24,'Argentina','185 cm','76 kg','https://media.api-sports.io/football/players/328706.png',NULL,6,1),(305,2427,'W. Cartagena','Wilder José','Cartagena Mendoza',31,'Peru','180 cm','77 kg','https://media.api-sports.io/football/players/2427.png',NULL,6,2),(306,2496,'J. Espínola','Juan Ángel','Espínola González',31,'Paraguay','186 cm','100 kg','https://media.api-sports.io/football/players/2496.png',NULL,6,4),(307,5919,'M. Ojeda','Martín Exequiel','Ojeda',27,'Argentina','176 cm','59 kg','https://media.api-sports.io/football/players/5919.png',NULL,6,2),(308,6324,'E. Bullaude','Ezequiel Eduardo','Bullaude',25,'Argentina','184 cm','71 kg','https://media.api-sports.io/football/players/6324.png',NULL,6,2),(309,6605,'D. Pérez','Damián Alfredo','Pérez',37,'Argentina','170 cm','65 kg','https://media.api-sports.io/football/players/6605.png',NULL,6,3),(310,36357,'N. Breitenbruch','Néstor Adriel','Breitenbruch',30,'Argentina','178 cm','76 kg','https://media.api-sports.io/football/players/36357.png',NULL,8,3),(311,180927,'Z. Romero','Zaid Abner','Romero',26,'Argentina','193 cm','85 kg','https://media.api-sports.io/football/players/180927.png',NULL,6,3),(312,1016,'N. Andereggen','Nicolás','Andereggen',26,'Argentina','178 cm','74 kg','https://media.api-sports.io/football/players/1016.png',NULL,7,1),(313,5652,'M. Borgnino','Marco','Borgnino',28,'Argentina','176 cm','70 kg','https://media.api-sports.io/football/players/5652.png',NULL,7,2),(314,5703,'D. Juárez','Daniel Eduardo','Juárez',24,'Argentina',NULL,NULL,'https://media.api-sports.io/football/players/5703.png',NULL,7,1),(315,5767,'M. Gallegos','Matías Gabriel','Gallegos Panozzo',28,'Argentina',NULL,NULL,'https://media.api-sports.io/football/players/5767.png',NULL,7,1),(316,5954,'F. Márquez','Fernando Andrés','Márquez',38,'Argentina','184 cm','86 kg','https://media.api-sports.io/football/players/5954.png',NULL,7,1),(317,6078,'E. Brítez','Emanuel','Brítez',33,'Argentina','178 cm','72 kg','https://media.api-sports.io/football/players/6078.png',NULL,8,3),(318,6104,'B. Blasi','Brian Rolando','Blasi',29,'Argentina','183 cm','87 kg','https://media.api-sports.io/football/players/6104.png',NULL,7,3),(319,6111,'F. Vera','Federico Gabriel','Vera',27,'Argentina','177 cm','74 kg','https://media.api-sports.io/football/players/6111.png',NULL,7,3),(320,6116,'J. Comas','Jorge Gastón','Comas',27,'Argentina','174 cm','70 kg','https://media.api-sports.io/football/players/6116.png',NULL,7,2),(321,6119,'G. González','Gastón Nicolás','González',24,'Argentina','182 cm','81 kg','https://media.api-sports.io/football/players/6119.png',NULL,7,1),(322,6191,'N. Cordero','Nicolás Fernando','Cordero',26,'Argentina','184 cm','78 kg','https://media.api-sports.io/football/players/6191.png',NULL,10,1),(323,6463,'D. Gissi','Dylan','Gissi',34,'Switzerland','193 cm','86 kg','https://media.api-sports.io/football/players/6463.png',NULL,9,3),(324,6471,'G. Carabajal','Horacio Gabriel','Carabajal',35,'Argentina','178 cm','75 kg','https://media.api-sports.io/football/players/6471.png',NULL,20,2),(325,6571,'M. Nani','Matías Germán','Nani',27,'Argentina',NULL,NULL,'https://media.api-sports.io/football/players/6571.png',NULL,7,3),(326,201827,'E. Roldán','Enzo Martín','Roldán',25,'Argentina',NULL,NULL,'https://media.api-sports.io/football/players/201827.png',NULL,7,2),(327,288704,'L. Esquivel','Lucas Ángel','Esquivel',24,'Argentina','180 cm','78 kg','https://media.api-sports.io/football/players/288704.png',NULL,7,3),(328,310579,'M. Martínez','Matías Pedro','Martínez',25,'Argentina','186 cm',NULL,'https://media.api-sports.io/football/players/310579.png',NULL,7,3),(329,311109,'S. Gioria','Santiago José','Gioria',26,'Argentina','182 cm','80 kg','https://media.api-sports.io/football/players/311109.png',NULL,7,3),(330,5216,'J. García','Juan Manuel','García',33,'Argentina','180 cm','75 kg','https://media.api-sports.io/football/players/5216.png',NULL,7,1),(331,6106,'F. Calderón','Franco Ezequiel','Calderón',27,'Argentina','184 cm','80 kg','https://media.api-sports.io/football/players/6106.png',NULL,7,3),(332,6107,'C. Corvalán','Claudio Gastón','Corvalán',36,'Argentina','180 cm','80 kg','https://media.api-sports.io/football/players/6107.png',NULL,7,3),(333,6118,'F. Godoy','Franco Lionel','Godoy Milessi',25,'Argentina','185 cm','79 kg','https://media.api-sports.io/football/players/6118.png',NULL,7,3),(334,6121,'I. Machuca','Javier Imanol','Machuca',25,'Argentina','170 cm','72 kg','https://media.api-sports.io/football/players/6121.png',NULL,7,1),(335,6123,'M. Pittón','Mauro Rodolfo','Pittón',31,'Argentina','174 cm','70 kg','https://media.api-sports.io/football/players/6123.png',NULL,7,2),(336,6131,'F. Troyansky','Franco','Troyansky',28,'Argentina','178 cm','77 kg','https://media.api-sports.io/football/players/6131.png',NULL,22,1),(337,6360,'C. Insaurralde','Cristian Manuel','Insaurralde',34,'Argentina','179 cm','72 kg','https://media.api-sports.io/football/players/6360.png',NULL,19,1),(338,6424,'S. Moyano','Sebastián Emanuel','Moyano',35,'Argentina','188 cm','78 kg','https://media.api-sports.io/football/players/6424.png',NULL,7,4),(339,6627,'N. Blandi','Nicolás','Blandi',35,'Argentina','181 cm','78 kg','https://media.api-sports.io/football/players/6627.png',NULL,7,1),(340,6713,'J. Galván','Jonathan Sebastián','Galván',33,'Argentina','179 cm','74 kg','https://media.api-sports.io/football/players/6713.png',NULL,10,3),(341,11761,'N. Peñailillo','Nicolás Ignacio','Peñailillo Acuña',34,'Chile','176 cm','75 kg','https://media.api-sports.io/football/players/11761.png',NULL,7,3),(342,51409,'M. Luna Diale','Mauro','Luna Diale',26,'Argentina','173 cm','69 kg','https://media.api-sports.io/football/players/51409.png',NULL,7,1),(343,58392,'J. Portillo','Juan Carlos','Portillo',25,'Argentina',NULL,NULL,'https://media.api-sports.io/football/players/58392.png',NULL,7,2),(344,129882,'J. Nardoni','Juan Ignacio Martín','Nardoni',23,'Argentina','179 cm','80 kg','https://media.api-sports.io/football/players/129882.png',NULL,7,2),(345,167670,'F. Bonansea','Federico','Bonansea',27,'Argentina','186 cm','78 kg','https://media.api-sports.io/football/players/167670.png',NULL,7,4),(346,196747,'E. Cañete','Martín Ezequiel','Cañete',26,'Argentina','175 cm','74 kg','https://media.api-sports.io/football/players/196747.png',NULL,7,2),(347,288707,'K. Zenón','Kevin Andrés','Zenón',24,'Argentina','177 cm','72 kg','https://media.api-sports.io/football/players/288707.png',NULL,7,2),(348,6350,'B. Rivero','Braian Abel','Rivero',29,'Argentina','178 cm','74 kg','https://media.api-sports.io/football/players/6350.png',NULL,19,2),(349,9515,'M. Benítez','Marcelo Nicolás','Benítez',34,'Argentina','178 cm','74 kg','https://media.api-sports.io/football/players/9515.png',NULL,8,3),(350,11391,'E. Isnaldo','Eugenio Horacio','Isnaldo',31,'Argentina','180 cm','82 kg','https://media.api-sports.io/football/players/11391.png',NULL,8,1),(351,11834,'M. Rodríguez','Matías Nicolás','Rodríguez',39,'Argentina','178 cm','71 kg','https://media.api-sports.io/football/players/11834.png',NULL,8,3),(352,13323,'M. Duarte','Edison Mauricio','Duarte Barajas',33,'Colombia','171 cm','67 kg','https://media.api-sports.io/football/players/13323.png',NULL,8,3),(353,36475,'G. Hachen','Gabriel Alejandro','Hachen',35,'Argentina','165 cm','66 kg','https://media.api-sports.io/football/players/36475.png',NULL,8,1),(354,51091,'T. Martínez','Tomás','Martínez',30,'Argentina','172 cm','61 kg','https://media.api-sports.io/football/players/51091.png',NULL,8,2),(355,70765,'H. Fernández','Hugo Francisco','Fernández Martínez',28,'Paraguay','172 cm','71 kg','https://media.api-sports.io/football/players/70765.png',NULL,8,2),(356,76624,'J. Farías','Jonathan Leonardo','Farías',27,'Argentina','178 cm','83 kg','https://media.api-sports.io/football/players/76624.png',NULL,8,1),(357,278366,'N. González','José Nicolás','González',26,'Argentina','170 cm','68 kg','https://media.api-sports.io/football/players/278366.png',NULL,8,1),(358,288758,'L. Amadé','Lautaro','Amadé',26,'Argentina','192 cm','88 kg','https://media.api-sports.io/football/players/288758.png',NULL,8,4),(359,295507,'M. Pieres','Mariano Blas','Pieres',25,'Argentina','180 cm','79 kg','https://media.api-sports.io/football/players/295507.png',NULL,8,3),(360,297518,'J. Tomicich','Juan Pablo','Tomicich Llanes',23,'Argentina',NULL,NULL,'https://media.api-sports.io/football/players/297518.png',NULL,8,3),(361,309820,'M. Pagani','Mirko Federico','Pagani',24,'Argentina','180 cm','72 kg','https://media.api-sports.io/football/players/309820.png',NULL,8,4),(362,309824,'T. Sosa','Tomás Ignacio','Sosa',22,'Italy','191 cm','84 kg','https://media.api-sports.io/football/players/309824.png',NULL,8,2),(363,313582,'L. Miño','Luciano Miguel','Miño',23,'Argentina','180 cm','72 kg','https://media.api-sports.io/football/players/313582.png',NULL,8,2),(364,313583,'F. Cozzi','Facundo','Cozzi',23,'Argentina',NULL,NULL,'https://media.api-sports.io/football/players/313583.png',NULL,8,2),(365,355294,'L. Escalante','Leonardo David','Escalante',25,'Argentina',NULL,NULL,'https://media.api-sports.io/football/players/355294.png',NULL,8,3),(366,5872,'A. Frías','Adonis Uriel','Frías',27,'Argentina','188 cm','80 kg','https://media.api-sports.io/football/players/5872.png',NULL,8,3),(367,5932,'E. Unsain','Luis Ezequiel','Unsain',30,'Argentina','191 cm','79 kg','https://media.api-sports.io/football/players/5932.png',NULL,8,4),(368,5938,'N. Tripichio','Nicolás Martín','Tripichio',29,'Argentina','176 cm','70 kg','https://media.api-sports.io/football/players/5938.png',NULL,8,3),(369,5949,'T. Ortiz','Tomás Facundo Mariano','Ortiz',25,'Argentina','182 cm','79 kg','https://media.api-sports.io/football/players/5949.png',NULL,8,2),(370,5956,'C. Rius','Ciro Pablo','Rius Aragallo',37,'Argentina','176 cm','72 kg','https://media.api-sports.io/football/players/5956.png',NULL,17,2),(371,6540,'J. Rodríguez','Juan Gabriel','Rodríguez',31,'Argentina','188 cm','80 kg','https://media.api-sports.io/football/players/6540.png',NULL,8,3),(372,6619,'R. Loaiza','Raúl Alberto','Loaiza Morelos',31,'Colombia','180 cm','70 kg','https://media.api-sports.io/football/players/6619.png',NULL,8,2),(373,11405,'W. Bou','Walter Ariel','Bou',32,'Argentina','174 cm','74 kg','https://media.api-sports.io/football/players/11405.png',NULL,8,1),(374,12406,'C. Rotondi','Carlos Rodolfo','Rotondi',28,'Argentina','182 cm','74 kg','https://media.api-sports.io/football/players/12406.png',NULL,8,1),(375,129879,'F. Paredes','Franco Ezequiel','Paredes',26,'Argentina','176 cm','75 kg','https://media.api-sports.io/football/players/129879.png',NULL,8,3),(376,195995,'T. Escalante','Lautaro Tomás','Escalante',26,'Argentina','171 cm','71 kg','https://media.api-sports.io/football/players/195995.png',NULL,8,2),(377,278368,'M. Luayza','Maximiliano Daniel','Luayza Koot',23,'Argentina','170 cm','68 kg','https://media.api-sports.io/football/players/278368.png',NULL,8,2),(378,280936,'R. Herrera','Rodrigo Ezequiel','Herrera',25,'Argentina',NULL,NULL,'https://media.api-sports.io/football/players/280936.png',NULL,8,3),(379,295511,'K. Lencina','Kevin Alejandro','Lencina',24,'Argentina',NULL,NULL,'https://media.api-sports.io/football/players/295511.png',NULL,8,2),(380,311371,'G. Altamirano','Gabriel Martiniano','Altamirano',24,'Argentina','177 cm','72 kg','https://media.api-sports.io/football/players/311371.png',NULL,8,2),(381,313584,'L. Fedele','Lautaro Exequiel','Fedele',24,'Argentina','167 cm','65 kg','https://media.api-sports.io/football/players/313584.png',NULL,8,1),(382,313587,'F. Romero','Facundo Julián','Romero',23,'Argentina',NULL,NULL,'https://media.api-sports.io/football/players/313587.png',NULL,8,2),(383,5660,'M. Ledesma','Marcos Ignacio','Ledesma',29,'Argentina','191 cm','84 kg','https://media.api-sports.io/football/players/5660.png',NULL,8,4),(384,6098,'F. Pizzini','Francisco Andrés','Pizzini',32,'Argentina','177 cm','71 kg','https://media.api-sports.io/football/players/6098.png',NULL,8,1),(385,6327,'M. Merentiel','Miguel Ángel','Merentiel Serrano',29,'Uruguay','176 cm','70 kg','https://media.api-sports.io/football/players/6327.png',NULL,8,1),(386,35616,'F. Meza','Fernando Nicolás','Meza',35,'Argentina','177 cm','78 kg','https://media.api-sports.io/football/players/35616.png',NULL,8,3),(387,35637,'R. Contreras','Rodrigo Nicolás','Contreras',30,'Argentina','182 cm','78 kg','https://media.api-sports.io/football/players/35637.png',NULL,23,1),(388,125177,'N. Colombo','Nazareno','Fernández Colombo',26,'Argentina','184 cm','80 kg','https://media.api-sports.io/football/players/125177.png',NULL,14,3),(389,201830,'A. Sienra','Agustín','Sienra',26,'Argentina','171 cm','72 kg','https://media.api-sports.io/football/players/201830.png',NULL,8,3),(390,278367,'V. Larralde','Valentín','Larralde',25,'Argentina','170 cm','65 kg','https://media.api-sports.io/football/players/278367.png',NULL,21,2),(391,295508,'E. Cannavo','Ezequiel','Cannavo',23,'Argentina','181 cm','69 kg','https://media.api-sports.io/football/players/295508.png',NULL,8,3),(392,295510,'F. Echevarría','Facundo Nahuel','Echevarría',23,'Argentina','179 cm','75 kg','https://media.api-sports.io/football/players/295510.png',NULL,8,1),(393,311372,'M. Duarte','Manuel Agustín','Duarte',24,'Argentina','171 cm','71 kg','https://media.api-sports.io/football/players/311372.png',NULL,8,2),(394,6195,'M. Ibáñez','Matías Alejandro','Ibáñez Basualdo',39,'Argentina','185 cm','81 kg','https://media.api-sports.io/football/players/6195.png',NULL,9,4),(395,6202,'R. García','Rolando','García Guerreño',35,'Paraguay','187 cm','76 kg','https://media.api-sports.io/football/players/6202.png',NULL,9,3),(396,6263,'L. Kruspzky','Lucas Nahuel','Kruspzky',33,'Argentina','175 cm','71 kg','https://media.api-sports.io/football/players/6263.png',NULL,9,3),(397,6462,'L. Geminiani','Lautaro Dante','Geminiani',33,'Argentina','179 cm','76 kg','https://media.api-sports.io/football/players/6462.png',NULL,9,3),(398,6472,'L. Comas','Lautaro Nicolás','Comas',30,'Argentina','172 cm',NULL,'https://media.api-sports.io/football/players/6472.png',NULL,9,2),(399,6477,'D. Lemos','Damián Oscar','Lemos',36,'Argentina','178 cm','65 kg','https://media.api-sports.io/football/players/6477.png',NULL,9,2),(400,6479,'B. Nievas','Brian Agustín','Nievas',27,'Argentina',NULL,NULL,'https://media.api-sports.io/football/players/6479.png',NULL,9,2),(401,6484,'J. Barreto','José Alberto','Barreto',25,'Argentina',NULL,NULL,'https://media.api-sports.io/football/players/6484.png',NULL,9,1),(402,6488,'F. Dettler','Faustino','Dettler',27,'Argentina',NULL,NULL,'https://media.api-sports.io/football/players/6488.png',NULL,9,1),(403,6678,'O. Benítez','Oliver Paz','Benítez',34,'Argentina','180 cm','76 kg','https://media.api-sports.io/football/players/6678.png',NULL,9,3),(404,11582,'N. Bandiera','Neri Ricardo','Bandiera',36,'Argentina','172 cm','65 kg','https://media.api-sports.io/football/players/11582.png',NULL,9,1),(405,26992,'G. Rivero','Germán Ariel','Rivero',33,'Argentina','182 cm','83 kg','https://media.api-sports.io/football/players/26992.png',NULL,9,1),(406,58439,'B. Negro','Brian Leonel','Negro',28,'Argentina',NULL,NULL,'https://media.api-sports.io/football/players/58439.png',NULL,9,3),(407,70801,'M. Pardo','Matías Gabriel','Pardo',30,'Argentina','169 cm','64 kg','https://media.api-sports.io/football/players/70801.png',NULL,9,1),(408,75899,'L. Marín','Leandro Lucas','Marín',31,'Argentina','184 cm','81 kg','https://media.api-sports.io/football/players/75899.png',NULL,9,3),(409,129894,'A. Pastorelli','Walter Agustín','Pastorelli',28,'Argentina',NULL,NULL,'https://media.api-sports.io/football/players/129894.png',NULL,9,2),(410,296130,'J. Almada','Jerónimo','Almada',23,'Argentina',NULL,NULL,'https://media.api-sports.io/football/players/296130.png',NULL,9,3),(411,296131,'T. Cáceres','Tomás','Cáceres',25,'Argentina',NULL,NULL,'https://media.api-sports.io/football/players/296131.png',NULL,9,2),(412,311081,'P. Hofstetter','Pablo José','Hofstetter',25,'Argentina',NULL,NULL,'https://media.api-sports.io/football/players/311081.png',NULL,9,2),(413,5179,'F. Leys','Franco Ezequiel','Leys',32,'Argentina',NULL,NULL,'https://media.api-sports.io/football/players/5179.png',NULL,9,2),(414,5256,'N. Franco','Nicolás','Franco',29,'Argentina','183 cm','85 kg','https://media.api-sports.io/football/players/5256.png',NULL,9,1),(415,5446,'L. Torres','Lautaro Gabriel','Torres',29,'Argentina',NULL,NULL,'https://media.api-sports.io/football/players/5446.png',NULL,26,2),(416,6248,'J. Arias','Junior Gabriel','Arias Cácerers',32,'Uruguay','176 cm','81 kg','https://media.api-sports.io/football/players/6248.png',NULL,9,1),(417,6299,'F. Cobos','Facundo','Cobos',32,'Argentina','178 cm','72 kg','https://media.api-sports.io/football/players/6299.png',NULL,9,3),(418,6580,'G. Gudiño','Gabriel Alejandro','Gudiño',33,'Argentina','170 cm','67 kg','https://media.api-sports.io/football/players/6580.png',NULL,9,2),(419,6693,'N. Delgadillo','Nicolás','Delgadillo Godoy',28,'Argentina','177 cm',NULL,'https://media.api-sports.io/football/players/6693.png',NULL,9,1),(420,16618,'S. Ojeda','Sergio Maximiliano','Ojeda',33,'Argentina','183 cm','83 kg','https://media.api-sports.io/football/players/16618.png',NULL,9,3),(421,36161,'G. Canto','Gustavo Damián','Canto',31,'Argentina','183 cm','83 kg','https://media.api-sports.io/football/players/36161.png',NULL,13,3),(422,36449,'F. Vázquez','Fabio Francisco','Vázquez',31,'Argentina','183 cm','76 kg','https://media.api-sports.io/football/players/36449.png',NULL,24,2),(423,50151,'Héctor Miguel Canteros','Héctor Miguel','Canteros',36,'Argentina','176 cm','80 kg','https://media.api-sports.io/football/players/50151.png',NULL,9,2),(424,51392,'H. Magallanes','Hugo Alejandro','Magallanes Silveira',28,'Uruguay','190 cm','97 kg','https://media.api-sports.io/football/players/51392.png',NULL,9,3),(425,51411,'S. Sosa','Sebastián','Sosa Sánchez',31,'Uruguay','183 cm','71 kg','https://media.api-sports.io/football/players/51411.png',NULL,9,1),(426,51775,'N. Albarracín','Nicolás Gabriel','Albarracín Basil',32,'Uruguay','182 cm','72 kg','https://media.api-sports.io/football/players/51775.png',NULL,9,1),(427,59046,'M. Garay','Héctor Martín','Garay',26,'Argentina','170 cm','69 kg','https://media.api-sports.io/football/players/59046.png',NULL,9,2),(428,59258,'M. Mansilla','Matías Lisandro','Mansilla',29,'Argentina',NULL,NULL,'https://media.api-sports.io/football/players/59258.png',NULL,9,4),(429,129893,'F. Rivasseau','Franco Daniel','Rivasseau',27,'Argentina',NULL,NULL,'https://media.api-sports.io/football/players/129893.png',NULL,9,4),(430,289500,'J. Guasone','Juan Cruz','Guasone',24,'Argentina','193 cm','82 kg','https://media.api-sports.io/football/players/289500.png',NULL,9,3),(431,296026,'J. Barinaga','Juan Pablo','Barinaga',25,'Argentina',NULL,NULL,'https://media.api-sports.io/football/players/296026.png',NULL,9,2),(432,6516,'M. Palavecino','Matías Tomás','Palavecino',27,'Argentina','180 cm','74 kg','https://media.api-sports.io/football/players/6516.png',NULL,9,2),(433,6088,'D. Mercado','Diego Alan','Mercado Carrizo',28,'Argentina','170 cm','71 kg','https://media.api-sports.io/football/players/6088.png',NULL,10,2),(434,6165,'R. Ferrario','Rafael','Ferrario',25,'Argentina','186 cm','76 kg','https://media.api-sports.io/football/players/6165.png',NULL,10,4),(435,6166,'J. Mendive','Joaquín Nicolás','Mendive',29,'Argentina','178 cm','69 kg','https://media.api-sports.io/football/players/6166.png',NULL,10,4),(436,6179,'J. Garro','Juan Fernando','Garro Gallerani',33,'Argentina','179 cm','71 kg','https://media.api-sports.io/football/players/6179.png',NULL,19,1),(437,6265,'I. Quílez','Ismael Alberto','Quílez',36,'Argentina','179 cm','76 kg','https://media.api-sports.io/football/players/6265.png',NULL,26,3),(438,6390,'N. Silva','Nicolás Alexis','Silva',35,'Argentina','163 cm','58 kg','https://media.api-sports.io/football/players/6390.png',NULL,20,1),(439,6398,'I. Erquiaga','Iván','Erquiaga',26,'Argentina','176 cm','72 kg','https://media.api-sports.io/football/players/6398.png',NULL,14,3),(440,41166,'S. Rincón','Sebastián','Rincón Lucumí',30,'Colombia','179 cm','68 kg','https://media.api-sports.io/football/players/41166.png',NULL,24,1),(441,47091,'F. Coniglio','Fernando','Coniglio',34,'Argentina','186 cm','77 kg','https://media.api-sports.io/football/players/47091.png',NULL,10,1),(442,68012,'A. Curruhinca','Agustín Alejandro','Curruhinca',25,'Argentina','167 cm','64 kg','https://media.api-sports.io/football/players/68012.png',NULL,10,1),(443,119480,'S. Ramírez','Francisco Sebastián','Ramírez',25,'Argentina',NULL,NULL,'https://media.api-sports.io/football/players/119480.png',NULL,10,2),(444,196697,'E. Navarro','Santiago Ezequiel','Navarro',24,'Argentina',NULL,NULL,'https://media.api-sports.io/football/players/196697.png',NULL,10,3),(445,196698,'P. Oro','Pablo Damián','Oro',23,'Argentina','183 cm','72 kg','https://media.api-sports.io/football/players/196698.png',NULL,10,2),(446,289489,'A. Minnicelli','Agustín Nicolás','Minnicelli',25,'Argentina',NULL,NULL,'https://media.api-sports.io/football/players/289489.png',NULL,10,3),(447,289491,'I. Tierno','Iván Alexis','Tierno',26,'Argentina',NULL,NULL,'https://media.api-sports.io/football/players/289491.png',NULL,10,2),(448,289498,'J. Vignati','Joaquín','Vignati Rubini',25,'Argentina','180 cm','78 kg','https://media.api-sports.io/football/players/289498.png',NULL,10,2),(449,296492,'M. Forlano','Matías Nicolás','Forlano',23,'Argentina','175 cm','68 kg','https://media.api-sports.io/football/players/296492.png',NULL,10,2),(450,308820,'Y. Abraham','Yair Natanael','Abraham',24,'Argentina',NULL,NULL,'https://media.api-sports.io/football/players/308820.png',NULL,10,1),(451,323576,'I. Valenzuela','Iván Gonzalo','Valenzuela',24,'Argentina','181 cm','76 kg','https://media.api-sports.io/football/players/323576.png',NULL,10,2),(452,5669,'R. Lozano','Raúl Alberto','Lozano',28,'Argentina','179 cm','78 kg','https://media.api-sports.io/football/players/5669.png',NULL,10,3),(453,5960,'M. Díaz','Marcos Guillermo','Díaz',39,'Argentina','186 cm','87 kg','https://media.api-sports.io/football/players/5960.png',NULL,18,4),(454,6173,'L. Merolla','Lucas Gabriel','Merolla',30,'Argentina','193 cm','85 kg','https://media.api-sports.io/football/players/6173.png',NULL,10,3),(455,6182,'F. Marín','Federico Ezequiel','Marín',27,'Argentina',NULL,NULL,'https://media.api-sports.io/football/players/6182.png',NULL,10,2),(456,6189,'N. Briasco','Norberto Alejandro','Briasco Balekian',29,'Armenia','179 cm','82 kg','https://media.api-sports.io/football/players/6189.png',NULL,15,1),(457,6190,'A. Chávez','Andrés Eliseo','Chávez',34,'Argentina','185 cm','97 kg','https://media.api-sports.io/football/players/6190.png',NULL,10,1),(458,6612,'J. Acevedo','Héctor Jonás','Acevedo',28,'Argentina','172 cm','70 kg','https://media.api-sports.io/football/players/6612.png',NULL,10,2),(459,6672,'A. Arregui','Adrián','Arregui',33,'Argentina','175 cm','74 kg','https://media.api-sports.io/football/players/6672.png',NULL,16,2),(460,30783,'E. Rolón','Esteban Leonardo','Rolón',30,'Argentina','175 cm','70 kg','https://media.api-sports.io/football/players/30783.png',NULL,15,2),(461,35731,'E. Triverio','Enrique Luis','Triverio',37,'Argentina','184 cm','79 kg','https://media.api-sports.io/football/players/35731.png',NULL,10,1),(462,51892,'M. Cóccaro','Matías Fernando','Cóccaro Ferreira',28,'Uruguay','178 cm','73 kg','https://media.api-sports.io/football/players/51892.png',NULL,10,1),(463,59197,'L. Vera','Lucas Gabriel','Vera',28,'Argentina','164 cm','60 kg','https://media.api-sports.io/football/players/59197.png',NULL,11,2),(464,129881,'R. Cabral','Rodrigo Ezequiel','Cabral',25,'Argentina','174 cm','72 kg','https://media.api-sports.io/football/players/129881.png',NULL,10,1),(465,180841,'B. Maidana','Braian Ezequiel','Maidana Talavera',26,'Argentina',NULL,NULL,'https://media.api-sports.io/football/players/180841.png',NULL,10,1),(466,195929,'S. Hezze','Santiago','Hezze',24,'Argentina','182 cm','75 kg','https://media.api-sports.io/football/players/195929.png',NULL,10,2),(467,289490,'C. Núñez','Cristian David','Núñez Vázquez',25,'Paraguay',NULL,NULL,'https://media.api-sports.io/football/players/289490.png',NULL,10,2),(468,289496,'A. Spina','Agostino Luigi','Spina',24,'Argentina',NULL,NULL,'https://media.api-sports.io/football/players/289496.png',NULL,10,2),(469,310986,'S. Moya','Santiago','Moya',22,'Argentina',NULL,NULL,'https://media.api-sports.io/football/players/310986.png',NULL,10,3),(470,325044,'M. Pólvera','Matías Adrián','Pólvera',25,'Argentina','191 cm','82 kg','https://media.api-sports.io/football/players/325044.png',NULL,10,1),(471,6364,'F. Cambeses','Facundo Nicolás','Cambeses',28,'Argentina','185 cm','78 kg','https://media.api-sports.io/football/players/6364.png',NULL,13,4),(472,6425,'E. Bonifacio','Ezequiel Augusto','Bonifacio',31,'Argentina','169 cm','69 kg','https://media.api-sports.io/football/players/6425.png',NULL,10,3),(473,6546,'F. Cristaldo','Franco Sebastián','Cristaldo',29,'Argentina','170 cm','69 kg','https://media.api-sports.io/football/players/6546.png',NULL,10,2),(474,13766,'J. Moya','José David','Moya Rojas',33,'Colombia','184 cm','80 kg','https://media.api-sports.io/football/players/13766.png',NULL,10,3),(475,52000,'J. Candia','Jhonatan Marcelo','Candia Hernández',30,'Uruguay','171 cm','63 kg','https://media.api-sports.io/football/players/52000.png',NULL,21,1),(476,68011,'C. Ibáñez','César Román','Ibáñez',26,'Argentina','179 cm','75 kg','https://media.api-sports.io/football/players/68011.png',NULL,10,3),(477,196749,'S. Meza','Sebastián Tomás','Meza',25,'Argentina','185 cm','82 kg','https://media.api-sports.io/football/players/196749.png',NULL,10,4),(478,6079,'G. Burdisso','Guillermo Enio','Burdisso',37,'Argentina','188 cm','84 kg','https://media.api-sports.io/football/players/6079.png',NULL,11,3),(479,6206,'N. Thaller','Nicolás Alejandro','Thaller',27,'Argentina','185 cm','86 kg','https://media.api-sports.io/football/players/6206.png',NULL,11,3),(480,6213,'N. Pasquini','Nicolás','Pasquini',34,'Argentina','172 cm','76 kg','https://media.api-sports.io/football/players/6213.png',NULL,14,3),(481,6219,'J. Sand','José Gustavo','Sand',44,'Argentina','182 cm','79 kg','https://media.api-sports.io/football/players/6219.png',NULL,11,1),(482,6312,'Ángel Emanuel Gonzalez','Ángel Emanuel','Gonzalez',31,'Argentina','170 cm','65 kg','https://media.api-sports.io/football/players/6312.png',NULL,14,1),(483,35677,'D. Braghieri','Diego Luis','Braghieri',38,'Argentina','184 cm','79 kg','https://media.api-sports.io/football/players/35677.png',NULL,22,3),(484,35969,'A. Pérez','Alexis Rafael','Pérez Fontanilla',31,'Colombia','181 cm','73 kg','https://media.api-sports.io/football/players/35969.png',NULL,11,3),(485,70595,'J. Morel','Jorge Emanuel','Morel Barrios',27,'Paraguay','184 cm','80 kg','https://media.api-sports.io/football/players/70595.png',NULL,11,2),(486,129901,'M. Pérez','Matías Damián','Pérez',26,'Argentina','177 cm','75 kg','https://media.api-sports.io/football/players/129901.png',NULL,11,3),(487,237144,'J. Krilanovich','Juan Pablo','Krilanovich',23,'Argentina','179 cm','70 kg','https://media.api-sports.io/football/players/237144.png',NULL,11,1),(488,288717,'T. Canteros','Tomás Ezequiel','Canteros',24,'Argentina','182 cm','81 kg','https://media.api-sports.io/football/players/288717.png',NULL,11,4),(489,288718,'L. Peraggini','Luciano','Peraggini',23,'Argentina','186 cm','87 kg','https://media.api-sports.io/football/players/288718.png',NULL,11,4),(490,288721,'P. Aranda','Pablo Ezequiel','Aranda',24,'Argentina','180 cm','76 kg','https://media.api-sports.io/football/players/288721.png',NULL,11,3),(491,288723,'J. Rodríguez','Juan Pablo','Rodríguez',22,'Argentina','178 cm','79 kg','https://media.api-sports.io/football/players/288723.png',NULL,11,3),(492,288725,'L. Blanco','Lucas Ezequiel','Blanco',24,'Argentina','172 cm','67 kg','https://media.api-sports.io/football/players/288725.png',NULL,11,2),(493,288727,'I. Cechi','Ignacio','Cechi',24,'Argentina','179 cm','70 kg','https://media.api-sports.io/football/players/288727.png',NULL,11,2),(494,288728,'E. Gómez','Emiliano Marcos','Gómez',24,'Argentina','169 cm','65 kg','https://media.api-sports.io/football/players/288728.png',NULL,11,2),(495,288729,'E. Robles','Elián Gonzalo','Robles',24,'Argentina','176 cm','67 kg','https://media.api-sports.io/football/players/288729.png',NULL,11,2),(496,306568,'E. Silcan','Enzo Alejandro','Silcan',25,'Argentina','182 cm','73 kg','https://media.api-sports.io/football/players/306568.png',NULL,11,3),(497,5187,'N. Orsini','Nicolás','Orsini',31,'Argentina','187 cm','80 kg','https://media.api-sports.io/football/players/5187.png',NULL,15,1),(498,5295,'N. Morgantini','Nicolás Jorge','Morgantini',31,'Argentina','178 cm','70 kg','https://media.api-sports.io/football/players/5295.png',NULL,11,3),(499,6193,'J. Cozzani','Juan Pablo','Cozzani',27,'Argentina','184 cm','77 kg','https://media.api-sports.io/football/players/6193.png',NULL,11,4),(500,6196,'L. Morales','Lautaro Alberto','Morales',26,'Argentina','187 cm','76 kg','https://media.api-sports.io/football/players/6196.png',NULL,11,4),(501,6200,'P. de la Vega','Pedro','de la Vega',24,'Argentina','177 cm','74 kg','https://media.api-sports.io/football/players/6200.png',NULL,11,1),(502,6201,'L. Di Plácido','Leonel','Di Plácido',31,'Argentina','176 cm','72 kg','https://media.api-sports.io/football/players/6201.png',NULL,11,3),(503,6203,'José Gómez','José Luis','Gómez',32,'Argentina','173 cm','63 kg','https://media.api-sports.io/football/players/6203.png',NULL,11,3),(504,6215,'Lautaro Acosta','Lautaro Germán','Acosta',37,'Argentina','169 cm','67 kg','https://media.api-sports.io/football/players/6215.png',NULL,11,1),(505,6563,'Lucas Acosta','Lucas Mauricio','Acosta',30,'Argentina','187 cm','82 kg','https://media.api-sports.io/football/players/6563.png',NULL,11,4),(506,35921,'V. Malcorra','Víctor Ignacio','Malcorra',38,'Argentina','170 cm','70 kg','https://media.api-sports.io/football/players/35921.png',NULL,11,2),(507,129903,'F. Pérez','Facundo Martín','Pérez',26,'Argentina','170 cm','65 kg','https://media.api-sports.io/football/players/129903.png',NULL,11,2),(508,129904,'M. Esquivel','Matías Eduardo','Esquivel',26,'Argentina','164 cm','63 kg','https://media.api-sports.io/football/players/129904.png',NULL,11,1),(509,237206,'K. Lomónaco','Kevin Joel','Lomónaco',23,'Argentina','192 cm','80 kg','https://media.api-sports.io/football/players/237206.png',NULL,25,3),(510,237210,'F. Orozco','Franco','Orozco',23,'Argentina','168 cm','64 kg','https://media.api-sports.io/football/players/237210.png',NULL,11,2),(511,288719,'B. Aguilar','Brian Mauricio','Aguilar Caraballo',22,'Argentina','179 cm','76 kg','https://media.api-sports.io/football/players/288719.png',NULL,11,3),(512,288720,'B. Aguirre','Braian Nahuel','Aguirre',25,'Argentina','174 cm','71 kg','https://media.api-sports.io/football/players/288720.png',NULL,11,3),(513,288732,'S. Zeballos','Juan Sebastián','Zeballos',24,'Argentina','168 cm','65 kg','https://media.api-sports.io/football/players/288732.png',NULL,11,1),(514,295513,'J. López','José Manuel Alberto','López',25,'Argentina','190 cm','74 kg','https://media.api-sports.io/football/players/295513.png',NULL,11,1),(515,311370,'A. Rodríguez','Agustín Javier','Rodríguez',21,'Argentina','169 cm','62 kg','https://media.api-sports.io/football/players/311370.png',NULL,11,2),(516,332334,'M. González','David Maximiliano','González',21,'Argentina',NULL,NULL,'https://media.api-sports.io/football/players/332334.png',NULL,11,2),(517,6209,'T. Belmonte','Tomás','Belmonte',27,'Argentina','178 cm','68 kg','https://media.api-sports.io/football/players/6209.png',NULL,11,2),(518,6214,'F. Quignon','Facundo Tomás','Quignon',32,'Argentina','178 cm','73 kg','https://media.api-sports.io/football/players/6214.png',NULL,11,2),(519,129902,'A. Bernabéi','Alexandro Ezequiel','Bernabéi',25,'Argentina','169 cm','65 kg','https://media.api-sports.io/football/players/129902.png',NULL,11,3),(520,196737,'R. Ríos Novo','Rocco','Ríos Novo',23,'Argentina','180 cm','77 kg','https://media.api-sports.io/football/players/196737.png',NULL,11,4),(521,196738,'O. Ndong','Ousmane','Ndong',26,'Senegal','192 cm','85 kg','https://media.api-sports.io/football/players/196738.png',NULL,11,3),(522,196739,'J. Aude','Julián Ezequiel','Aude Bernardi',22,'Argentina','180 cm','71 kg','https://media.api-sports.io/football/players/196739.png',NULL,11,3),(523,237207,'L. Varaldo','Lucas Ariel','Varaldo',23,'Argentina','175 cm','72 kg','https://media.api-sports.io/football/players/237207.png',NULL,11,1),(524,288724,'A. Tabares','Alejo Germán','Tabares',24,'Argentina','178 cm','75 kg','https://media.api-sports.io/football/players/288724.png',NULL,11,3),(525,288730,'L. Besozzi','Lucas Agustín','Besozzi',22,'Argentina','176 cm','74 kg','https://media.api-sports.io/football/players/288730.png',NULL,11,1),(526,5964,'P. Goltz','Paolo Duval','Goltz',40,'Argentina','183 cm','80 kg','https://media.api-sports.io/football/players/5964.png',NULL,12,3),(527,6021,'B. Bianchi','Bruno Félix','Bianchi Massey',36,'Argentina','183 cm','79 kg','https://media.api-sports.io/football/players/6021.png',NULL,12,3),(528,6346,'M. Formica','Mauro Abel','Formica',36,'Argentina','176 cm','73 kg','https://media.api-sports.io/football/players/6346.png',NULL,19,2),(529,6581,'F. Lértora','Federico Eduardo','Lértora',35,'Argentina','176 cm','73 kg','https://media.api-sports.io/football/players/6581.png',NULL,12,2),(530,6633,'L. Burián','Leonardo Fabián','Burián Castro',41,'Uruguay','188 cm','81 kg','https://media.api-sports.io/football/players/6633.png',NULL,12,4),(531,6635,'J. Hass','Joaquín Fabricio','Hass',27,'Argentina','184 cm','84 kg','https://media.api-sports.io/football/players/6635.png',NULL,12,4),(532,6637,'G. Escobar','Gonzalo Daniel','Escobar',28,'Argentina','171 cm','70 kg','https://media.api-sports.io/football/players/6637.png',NULL,12,3),(533,6647,'Cristian Oscar Bernardi','Cristian Oscar','Bernardi',35,'Argentina','179 cm','72 kg','https://media.api-sports.io/football/players/6647.png',NULL,12,2),(534,6655,'T. Moschión','Tomás','Moschión',25,'Argentina','171 cm','66 kg','https://media.api-sports.io/football/players/6655.png',NULL,12,2),(535,6660,'N. Leguizamón','Nicolás','Leguizamón',30,'Argentina','180 cm','75 kg','https://media.api-sports.io/football/players/6660.png',NULL,12,1),(536,6664,'T. Sandoval','Tomás David','Sandoval',26,'Argentina','185 cm','71 kg','https://media.api-sports.io/football/players/6664.png',NULL,25,1),(537,6671,'L. Acevedo','Lucas Javier','Acevedo',34,'Argentina','191 cm','97 kg','https://media.api-sports.io/football/players/6671.png',NULL,25,3),(538,64325,'B. Fernández','Brian Leonel','Fernández',31,'Argentina','170 cm','70 kg','https://media.api-sports.io/football/players/64325.png',NULL,12,1),(539,129908,'B. Farioli','Brian Andrés','Farioli',27,'Argentina','180 cm','70 kg','https://media.api-sports.io/football/players/129908.png',NULL,21,2),(540,289430,'G. Gonzálvez','Guillermo Federico','Gonzálvez',21,'Argentina','181 cm',NULL,'https://media.api-sports.io/football/players/289430.png',NULL,12,2),(541,289432,'A. Martínez','Aarón','Martínez Retamar',24,'Argentina','178 cm','77 kg','https://media.api-sports.io/football/players/289432.png',NULL,12,2),(542,302618,'A. Aranda','Alex','Aranda',24,'Argentina',NULL,NULL,'https://media.api-sports.io/football/players/302618.png',NULL,12,1),(543,322605,'E. Fugas','Elías Misael','Fugas',24,'Argentina',NULL,NULL,'https://media.api-sports.io/football/players/322605.png',NULL,12,3),(544,342656,'F. Déboli','Franco','Déboli',25,'Argentina','187 cm',NULL,'https://media.api-sports.io/football/players/342656.png',NULL,12,1),(545,5935,'R. Delgado','Rafael Marcelo','Delgado',35,'Argentina','175 cm','78 kg','https://media.api-sports.io/football/players/5935.png',NULL,12,3),(546,5942,'A. Castro','Alexis','Castro',31,'Argentina','180 cm','70 kg','https://media.api-sports.io/football/players/5942.png',NULL,12,2),(547,6028,'R. Aliendro','Rodrigo Germán','Aliendro',34,'Argentina','178 cm','74 kg','https://media.api-sports.io/football/players/6028.png',NULL,12,2),(548,6401,'F. Mura','Facundo','Mura',26,'Argentina','171 cm','69 kg','https://media.api-sports.io/football/players/6401.png',NULL,12,3),(549,6433,'G. Piovi','Gonzalo Rubén','Piovi',31,'Argentina','180 cm','72 kg','https://media.api-sports.io/football/players/6433.png',NULL,12,3),(550,6634,'I. Chicco','Ignacio Francisco','Chicco',29,'Argentina','185 cm','80 kg','https://media.api-sports.io/football/players/6634.png',NULL,12,4),(551,6638,'F. Garcés','Facundo Tomás','Garcés',26,'Argentina','188 cm','82 kg','https://media.api-sports.io/football/players/6638.png',NULL,12,3),(552,6661,'W. Morelo','Wilson David','Morelo López',38,'Colombia','172 cm','68 kg','https://media.api-sports.io/football/players/6661.png',NULL,12,1),(553,6662,'S. Pierotti','Santiago Daniel','Pierotti',24,'Argentina','189 cm','69 kg','https://media.api-sports.io/football/players/6662.png',NULL,12,1),(554,13295,'Y. Góez','Yéiler Andrés','Góez',25,'Colombia','179 cm','75 kg','https://media.api-sports.io/football/players/13295.png',NULL,12,2),(555,159122,'F. Farías','Facundo Hernán','Farías',23,'Argentina','175 cm','69 kg','https://media.api-sports.io/football/players/159122.png',NULL,12,2),(556,289426,'E. Meza','Eric Exequiel','Meza',26,'Argentina','176 cm','74 kg','https://media.api-sports.io/football/players/289426.png',NULL,12,3),(557,289429,'L. Quiroz','Leandro Fabián','Quiroz',21,'Argentina',NULL,NULL,'https://media.api-sports.io/football/players/289429.png',NULL,12,3),(558,289431,'S. Moreyra','Stéfano Nahuel','Moreyra',24,'Argentina','182 cm','77 kg','https://media.api-sports.io/football/players/289431.png',NULL,12,2),(559,5244,'G. Miceli','Gonzalo','Miceli',28,'Argentina',NULL,NULL,'https://media.api-sports.io/football/players/5244.png',NULL,13,2),(560,6086,'N. Domingo','Nicolás Mario','Domingo',40,'Argentina','174 cm','70 kg','https://media.api-sports.io/football/players/6086.png',NULL,13,2),(561,6378,'J. Dátolo','Jesús Alberto','Dátolo',40,'Argentina','177 cm','67 kg','https://media.api-sports.io/football/players/6378.png',NULL,13,2),(562,6385,'S. Benega','Sebastián Martín','Benega',26,'Argentina','176 cm','73 kg','https://media.api-sports.io/football/players/6385.png',NULL,13,1),(563,6588,'M. Cuero','Mauricio Andrés','Cuero Castillo',31,'Colombia','178 cm','83 kg','https://media.api-sports.io/football/players/6588.png',NULL,13,1),(564,75895,'V. Barbero','Valentín','Barbero',25,'Argentina','184 cm','76 kg','https://media.api-sports.io/football/players/75895.png',NULL,13,2),(565,76107,'F. Quinteros','Franco Agustín','Quinteros',27,'Argentina','178 cm','71 kg','https://media.api-sports.io/football/players/76107.png',NULL,13,3),(566,126857,'T. Assennato','Tomás','Assennato',27,'Argentina','174 cm','69 kg','https://media.api-sports.io/football/players/126857.png',NULL,13,2),(567,289451,'A. Mengua','Agustín','Mengua',23,'Argentina','183 cm','77 kg','https://media.api-sports.io/football/players/289451.png',NULL,13,4),(568,289453,'G. Tanco','Gregorio José','Tanco',26,'Argentina','186 cm','74 kg','https://media.api-sports.io/football/players/289453.png',NULL,13,3),(569,289456,'D. Edjo&apos;o','Dany','Edjo\'o',23,'Cameroon','165 cm','64 kg','https://media.api-sports.io/football/players/289456.png',NULL,13,1),(570,289458,'J. Perales','Amos Jeremías','Perales',25,'Argentina','180 cm','75 kg','https://media.api-sports.io/football/players/289458.png',NULL,13,1),(571,302922,'M. Pérez','Mateo Facundo','Pérez',24,'Argentina','186 cm','74 kg','https://media.api-sports.io/football/players/302922.png',NULL,13,3),(572,302923,'L. Cardozo','Lautaro','Cardozo',23,'Argentina','176 cm','75 kg','https://media.api-sports.io/football/players/302923.png',NULL,13,3),(573,302925,'M. Figueredo','Matías','Figueredo',22,'Argentina','161 cm','56 kg','https://media.api-sports.io/football/players/302925.png',NULL,13,1),(574,310182,'L. Ovejero','Axel Leonel','Ovejero',24,'Argentina','175 cm',NULL,'https://media.api-sports.io/football/players/310182.png',NULL,13,1),(575,310516,'F. Vila','Facundo','Vila',22,'Argentina','183 cm','75 kg','https://media.api-sports.io/football/players/310516.png',NULL,13,4),(576,310518,'L. Villegas','Lautaro Javier','Villegas',22,'Argentina','171 cm','59 kg','https://media.api-sports.io/football/players/310518.png',NULL,13,2),(577,310519,'F. Ibáñez','Federico Santiago','Ibáñez',23,'Argentina','165 cm','56 kg','https://media.api-sports.io/football/players/310519.png',NULL,13,1),(578,310520,'Víctor Adriel Ayala','Víctor Adriel','Ayala',21,'Argentina','170 cm','65 kg','https://media.api-sports.io/football/players/310520.png',NULL,13,1),(579,5389,'M. Asenjo','Mauricio Gabriel','Asenjo',31,'Argentina','187 cm','83 kg','https://media.api-sports.io/football/players/5389.png',NULL,13,1),(580,5402,'L. Flores','Leonardo Ezequiel','Flores',28,'Argentina',NULL,NULL,'https://media.api-sports.io/football/players/5402.png',NULL,13,3),(581,6245,'J. Soñora','Joel','Soñora',29,'USA','176 cm','70 kg','https://media.api-sports.io/football/players/6245.png',NULL,18,2),(582,6363,'F. Altamirano','Facundo','Altamirano',29,'Argentina','185 cm','78 kg','https://media.api-sports.io/football/players/6363.png',NULL,13,4),(583,6367,'E. Coronel','Emanuel Gustavo','Coronel',28,'Argentina','173 cm','72 kg','https://media.api-sports.io/football/players/6367.png',NULL,13,3),(584,6370,'A. Sosa','Alexis Gastón','Sosa',26,'Argentina','177 cm','76 kg','https://media.api-sports.io/football/players/6370.png',NULL,13,3),(585,6381,'N. Linares','Nicolás Hugo','Linares',29,'Argentina','175 cm','72 kg','https://media.api-sports.io/football/players/6381.png',NULL,13,2),(586,6392,'A. Urzi','Agustín José','Urzi',25,'Argentina','170 cm','61 kg','https://media.api-sports.io/football/players/6392.png',NULL,13,1),(587,36181,'F. Bordagaray','Fabián Ramón','Bordagaray',38,'Argentina','175 cm','72 kg','https://media.api-sports.io/football/players/36181.png',NULL,13,1),(588,58578,'A. Cabrera','Alejandro Martín','Cabrera',33,'Argentina','185 cm','85 kg','https://media.api-sports.io/football/players/58578.png',NULL,13,3),(589,129889,'F. Torres','Federico Ezequiel','Torres',26,'Argentina','178 cm','74 kg','https://media.api-sports.io/football/players/129889.png',NULL,18,3),(590,129892,'J. Cruz','Juan Manuel','Cruz',26,'Argentina','184 cm','71 kg','https://media.api-sports.io/football/players/129892.png',NULL,13,1),(591,289457,'J. Rodríguez','Juan Ignacio','Rodríguez',23,'Argentina','175 cm','68 kg','https://media.api-sports.io/football/players/289457.png',NULL,13,1),(592,302924,'D. Puca','David Nahuel','Puca',22,'Argentina','166 cm','60 kg','https://media.api-sports.io/football/players/302924.png',NULL,13,2),(593,310089,'J. Eseiza','Julián','Eseiza',23,'Argentina','185 cm','74 kg','https://media.api-sports.io/football/players/310089.png',NULL,13,2),(594,310178,'G. Santilli','Gino','Santilli Rusconi',24,'Argentina','191 cm','71 kg','https://media.api-sports.io/football/players/310178.png',NULL,13,4),(595,310180,'A. Quiroz','Aaron Facundo','Quiroz',24,'Argentina','174 cm','72 kg','https://media.api-sports.io/football/players/310180.png',NULL,13,3),(596,310515,'A. Amaya','Abel','Amaya',23,'Argentina','174 cm','67 kg','https://media.api-sports.io/football/players/310515.png',NULL,13,3),(597,2480,'I. Arboleda','Iván Mauricio','Arboleda',29,'Colombia','185 cm','71 kg','https://media.api-sports.io/football/players/2480.png',NULL,13,4),(598,5990,'L. Lollo','Mauricio Luciano','Lollo',38,'Argentina','183 cm','80 kg','https://media.api-sports.io/football/players/5990.png',NULL,13,3),(599,6368,'A. Maldonado','Luis Alexis','Maldonado',28,'Argentina','188 cm','86 kg','https://media.api-sports.io/football/players/6368.png',NULL,13,3),(600,6379,'G. Galoppo','Giuliano','Galoppo',26,'Argentina','179 cm','73 kg','https://media.api-sports.io/football/players/6379.png',NULL,13,2),(601,6380,'L. Gómez','Luciano Luis Rómulo','Gómez',29,'Argentina','163 cm','66 kg','https://media.api-sports.io/football/players/6380.png',NULL,20,3),(602,6383,'M. Payero','Martín Ismael','Payero',27,'Argentina','183 cm','80 kg','https://media.api-sports.io/football/players/6383.png',NULL,13,2),(603,6384,'J. Álvarez','Juan Pablo','Álvarez',29,'Argentina','175 cm','71 kg','https://media.api-sports.io/football/players/6384.png',NULL,13,2),(604,6695,'L. Pons','Luciano Daniel','Pons',35,'Argentina','181 cm','79 kg','https://media.api-sports.io/football/players/6695.png',NULL,13,1),(605,129891,'L. Ríos','Lautaro Nicolás','Ríos',25,'Argentina','180 cm','74 kg','https://media.api-sports.io/football/players/129891.png',NULL,13,2),(606,289450,'F. Sanguinetti','Facundo','Sanguinetti',24,'Argentina','184 cm','71 kg','https://media.api-sports.io/football/players/289450.png',NULL,13,4),(607,289455,'M. González','Matías Nahuel','González',23,'Argentina','173 cm','62 kg','https://media.api-sports.io/football/players/289455.png',NULL,13,2),(608,289459,'R. Enrique','Ramiro','Enrique Paz',24,'Argentina','171 cm','68 kg','https://media.api-sports.io/football/players/289459.png',NULL,13,1),(609,302921,'R. Di Luciano','Ramiro Sebastián','Di Luciano',21,'Argentina','164 cm','59 kg','https://media.api-sports.io/football/players/302921.png',NULL,13,3),(610,310181,'I. Rodríguez','Ignacio Agustín','Rodríguez',23,'Argentina',NULL,NULL,'https://media.api-sports.io/football/players/310181.png',NULL,13,2),(611,6090,'J. Sánchez Miño','Juan Manuel','Sánchez Miño',34,'Argentina','177 cm','78 kg','https://media.api-sports.io/football/players/6090.png',NULL,14,3),(612,6393,'M. Andújar','Mariano Gonzalo','Andújar',41,'Argentina','194 cm','88 kg','https://media.api-sports.io/football/players/6393.png',NULL,14,4),(613,6394,'J. Pourtau','Jerónimo','Pourtau',25,'Argentina','191 cm','75 kg','https://media.api-sports.io/football/players/6394.png',NULL,14,4),(614,6405,'A. Ayala','Andrés Óscar','Ayala',25,'Argentina','169 cm','66 kg','https://media.api-sports.io/football/players/6405.png',NULL,14,2),(615,6410,'E. Kalinski','Enzo Maximiliano','Kalinski',38,'Argentina','183 cm','77 kg','https://media.api-sports.io/football/players/6410.png',NULL,20,2),(616,6482,'F. Apaolaza','Juan Francisco','Apaolaza',28,'Argentina','186 cm','79 kg','https://media.api-sports.io/football/players/6482.png',NULL,14,1),(617,35579,'M. Cauteruccio','Martín','Cauteruccio Rodríguez',38,'Uruguay','179 cm','76 kg','https://media.api-sports.io/football/players/35579.png',NULL,23,1),(618,44503,'M. Aguirregaray','Matías','Aguirregaray Guruceaga',36,'Uruguay','174 cm','78 kg','https://media.api-sports.io/football/players/44503.png',NULL,14,3),(619,51516,'D. García','Diego Gonzalo','García Cardozo',29,'Uruguay','170 cm','69 kg','https://media.api-sports.io/football/players/51516.png',NULL,18,2),(620,125179,'E. González','Emilio Emiliano','González',27,'Argentina','193 cm','89 kg','https://media.api-sports.io/football/players/125179.png',NULL,14,4),(621,210132,'M. Guzmán','Mauricio Manuel','Guzmán',26,'Argentina','180 cm','76 kg','https://media.api-sports.io/football/players/210132.png',NULL,14,3),(622,289471,'L. Squadrone','Luciano Gastón','Squadrone',26,'Argentina','184 cm','75 kg','https://media.api-sports.io/football/players/289471.png',NULL,14,3),(623,289475,'D. Verón','Deian','Verón',25,'Argentina','183 cm','77 kg','https://media.api-sports.io/football/players/289475.png',NULL,14,2),(624,289476,'E. Obregón','Esteban Daniel','Obregón',24,'Argentina','177 cm',NULL,'https://media.api-sports.io/football/players/289476.png',NULL,14,2),(625,322308,'E. Naya','Ezequiel','Naya',24,'Argentina','191 cm','88 kg','https://media.api-sports.io/football/players/322308.png',NULL,14,1),(626,335924,'Iñaki Agustín Ludueña','Iñaki Agustín','Ludueña',25,'Argentina',NULL,NULL,'https://media.api-sports.io/football/players/335924.png',NULL,14,4),(627,349342,'A. Spetale','Aarón','Spetale',25,'Argentina','187 cm','80 kg','https://media.api-sports.io/football/players/349342.png',NULL,14,1),(628,6038,'L. Díaz','Leandro Nicolás','Díaz',33,'Argentina','182 cm','80 kg','https://media.api-sports.io/football/players/6038.png',NULL,14,1),(629,6160,'F. González','Federico Rafael','González',38,'Argentina','182 cm','76 kg','https://media.api-sports.io/football/players/6160.png',NULL,14,1),(630,6228,'L. Godoy','Leonardo Ezequiel','Godoy',30,'Argentina','173 cm','66 kg','https://media.api-sports.io/football/players/6228.png',NULL,14,3),(631,6369,'J. Rodríguez','Jorge Agustín','Rodríguez',30,'Argentina','178 cm','83 kg','https://media.api-sports.io/football/players/6369.png',NULL,14,2),(632,6407,'M. Castro','Luis Manuel','Castro Cáceres',30,'Uruguay','172 cm','72 kg','https://media.api-sports.io/football/players/6407.png',NULL,14,2),(633,6411,'M. Pellegrini','Matías','Pellegrini',25,'Argentina','180 cm','72 kg','https://media.api-sports.io/football/players/6411.png',NULL,14,1),(634,41455,'P. Sabbag','Pablo David','Sabbag Daccarett',28,'Colombia','190 cm','88 kg','https://media.api-sports.io/football/players/41455.png',NULL,19,1),(635,50307,'M. Díaz','Mauro Alberto','Díaz',34,'Argentina','170 cm','62 kg','https://media.api-sports.io/football/players/50307.png',NULL,14,2),(636,50320,'J. Ayoví','Jaime Javier','Ayoví Corozo',37,'Ecuador','186 cm','76 kg','https://media.api-sports.io/football/players/50320.png',NULL,14,1),(637,50768,'L. Rodríguez','Lucas Ariel','Rodríguez',28,'Argentina','170 cm','64 kg','https://media.api-sports.io/football/players/50768.png',NULL,14,2),(638,51841,'G. del Prete','Gustavo Javier','del Prete',29,'Argentina','175 cm','68 kg','https://media.api-sports.io/football/players/51841.png',NULL,14,1),(639,53678,'A. Rogel','Agustín Maximiliano','Rogel Paita',28,'Uruguay','190 cm','84 kg','https://media.api-sports.io/football/players/53678.png',NULL,14,3),(640,129886,'D. Ayala','Maximiliano David','Ayala',23,'Argentina','175 cm','62 kg','https://media.api-sports.io/football/players/129886.png',NULL,14,2),(641,129887,'D. Sarmiento','Darío Ariel','Sarmiento',22,'Argentina','170 cm','60 kg','https://media.api-sports.io/football/players/129887.png',NULL,14,1),(642,289482,'F. Romero','Franco Agustín','Romero',25,'Argentina','178 cm','70 kg','https://media.api-sports.io/football/players/289482.png',NULL,14,2),(643,303088,'B. Valdez','Bruno Adriel','Valdez',23,'Argentina','179 cm','75 kg','https://media.api-sports.io/football/players/303088.png',NULL,14,3),(644,322307,'F. Zapiola','Franco','Zapiola Yamartino',24,'Argentina','173 cm','68 kg','https://media.api-sports.io/football/players/322307.png',NULL,14,2),(645,344891,'B. Palavecino','Blas Agustín','Palavecino',22,'Argentina','194 cm','72 kg','https://media.api-sports.io/football/players/344891.png',NULL,14,1),(646,346271,'V. Lansade','Vinicius Paco Philippe','Lansade',25,'France','177 cm','67 kg','https://media.api-sports.io/football/players/346271.png',NULL,14,2),(647,6400,'I. Gómez','Iván Alejandro','Gómez',28,'Argentina','180 cm','65 kg','https://media.api-sports.io/football/players/6400.png',NULL,25,2),(648,6409,'N. Estévez','Nahuel','Estévez Álvarez',30,'Argentina','181 cm','77 kg','https://media.api-sports.io/football/players/6409.png',NULL,14,2),(649,6657,'F. Zuqui','Fernando Rubén','Zuqui',34,'Argentina','170 cm','65 kg','https://media.api-sports.io/football/players/6657.png',NULL,14,2),(650,35712,'F. Tobio','Omar Fernando','Tobio',36,'Argentina','190 cm','85 kg','https://media.api-sports.io/football/players/35712.png',NULL,14,3),(651,47221,'F. Noguera','Fabián Ariel','Noguera',32,'Argentina','193 cm','97 kg','https://media.api-sports.io/football/players/47221.png',NULL,14,3),(652,289470,'J. Zozaya','Juan Pablo','Zozaya',24,'Argentina','183 cm','78 kg','https://media.api-sports.io/football/players/289470.png',NULL,14,4),(653,289473,'S. Flores','Santiago Gabriel','Flores',24,'Argentina','184 cm','74 kg','https://media.api-sports.io/football/players/289473.png',NULL,14,3),(654,289478,'B. Kociubinski','Bautista','Kociubinski',24,'Argentina','180 cm','78 kg','https://media.api-sports.io/football/players/289478.png',NULL,14,2),(655,323847,'N. Palavecino','Jeremías Nicolás','Palavecino',22,'Argentina','186 cm','77 kg','https://media.api-sports.io/football/players/323847.png',NULL,14,2),(656,346270,'S. Núñez','Santiago Misael','Núñez',25,'Argentina','187 cm','78 kg','https://media.api-sports.io/football/players/346270.png',NULL,14,3),(657,1619,'F. Soldano','Franco','Soldano',31,'Argentina','186 cm','76 kg','https://media.api-sports.io/football/players/1619.png',NULL,15,1),(658,5207,'L. Laborda','Lionel Alejandro Nicolás','Laborda',26,'Argentina','164 cm','60 kg','https://media.api-sports.io/football/players/5207.png',NULL,15,2),(659,5968,'E. Más','Emmanuel David','Más Sgros',36,'Argentina','183 cm','80 kg','https://media.api-sports.io/football/players/5968.png',NULL,15,3),(660,5970,'E. Almendra','Agustín Ezequiel','Almendra',25,'Argentina','175 cm','78 kg','https://media.api-sports.io/football/players/5970.png',NULL,15,2),(661,5971,'J. Buffarini','Julio Alberto','Buffarini',37,'Argentina','172 cm','72 kg','https://media.api-sports.io/football/players/5971.png',NULL,15,3),(662,5983,'M. Zárate','Mauro Matías','Zárate Riga',37,'Argentina','176 cm','76 kg','https://media.api-sports.io/football/players/5983.png',NULL,15,1),(663,6561,'N. Solís','Nazareno Damián','Solís',31,'Argentina','170 cm','70 kg','https://media.api-sports.io/football/players/6561.png',NULL,15,2),(664,6687,'G. Lamardo','Gonzalo Agustín','Lamardo',27,'Argentina','168 cm','67 kg','https://media.api-sports.io/football/players/6687.png',NULL,15,2),(665,47433,'L. Olaza','Lucas René','Olaza Catrofe',31,'Uruguay','173 cm','68 kg','https://media.api-sports.io/football/players/47433.png',NULL,15,3),(666,48379,'C. Zambrano','Carlos Augusto','Zambrano Ochandarte',36,'Peru','185 cm','77 kg','https://media.api-sports.io/football/players/48379.png',NULL,15,3),(667,270484,'I. Escalante','Israel Enoc','Escalante',26,'Argentina','174 cm','69 kg','https://media.api-sports.io/football/players/270484.png',NULL,15,1),(668,313652,'R. García','Ramiro Nahuel','García',24,'Argentina','183 cm','76 kg','https://media.api-sports.io/football/players/313652.png',NULL,15,4),(669,323777,'E. Almirón','Ezequiel Martín','Almirón',23,'Argentina',NULL,NULL,'https://media.api-sports.io/football/players/323777.png',NULL,15,1),(670,323779,'K. Duarte','Kevin Ismael','Duarte',24,'Argentina',NULL,NULL,'https://media.api-sports.io/football/players/323779.png',NULL,15,2),(671,323781,'G. Aranda','Gabriel Agustín','Aranda',24,'Argentina','190 cm','82 kg','https://media.api-sports.io/football/players/323781.png',NULL,15,3),(672,323783,'R. Montes','Rodrigo Agustín','Montes',25,'Argentina','181 cm','80 kg','https://media.api-sports.io/football/players/323783.png',NULL,15,2),(673,323787,'F. Cáceres','Franco David','Cáceres',25,'Argentina',NULL,NULL,'https://media.api-sports.io/football/players/323787.png',NULL,15,2),(674,323789,'L. Palma','Lucas Leonel','Palma',22,'Argentina','180 cm','80 kg','https://media.api-sports.io/football/players/323789.png',NULL,15,1),(675,323791,'S. Pérez','Santiago Ariel','Pérez',23,'Argentina','185 cm','73 kg','https://media.api-sports.io/football/players/323791.png',NULL,15,2),(676,345203,'P. Velurtas','Pedro Agustín','Velurtas',24,'Argentina','181 cm','76 kg','https://media.api-sports.io/football/players/345203.png',NULL,15,2),(677,576,'E. Salvio','Eduardo Antonio','Salvio',35,'Argentina','172 cm','68 kg','https://media.api-sports.io/football/players/576.png',NULL,15,2),(678,2462,'E. Andrada','Esteban Maximiliano','Andrada',34,'Argentina','193 cm','83 kg','https://media.api-sports.io/football/players/2462.png',NULL,15,4),(679,5965,'C. Izquierdoz','Carlos Roberto','Izquierdoz',37,'Argentina','185 cm','88 kg','https://media.api-sports.io/football/players/5965.png',NULL,15,3),(680,5966,'Lisandro López','Lisandro Ezequiel','López Dessypris',36,'Argentina','188 cm','80 kg','https://media.api-sports.io/football/players/5966.png',NULL,15,3),(681,5974,'J. Chicco','Julián Antonio','Chicco',27,'Argentina','181 cm','79 kg','https://media.api-sports.io/football/players/5974.png',NULL,24,2),(682,5981,'C. Pavón','Cristian David','Pavón',29,'Argentina','167 cm','65 kg','https://media.api-sports.io/football/players/5981.png',NULL,15,1),(683,6243,'J. Ramírez','Juan Edgardo','Ramírez',32,'Argentina','174 cm','68 kg','https://media.api-sports.io/football/players/6243.png',NULL,22,2),(684,11756,'A. Rossi','Agustín Daniel','Rossi',30,'Argentina','193 cm','92 kg','https://media.api-sports.io/football/players/11756.png',NULL,15,4),(685,126858,'O. Salomón','Oscar Camilo','Salomón',26,'Argentina','181 cm','72 kg','https://media.api-sports.io/football/players/126858.png',NULL,26,3),(686,266684,'L. Brochero','Lucas Emanuel','Brochero',26,'Argentina','172 cm','70 kg','https://media.api-sports.io/football/players/266684.png',NULL,26,1),(687,278374,'A. Alvariño','Alexis Iván','Alvariño',24,'Argentina','184 cm','81 kg','https://media.api-sports.io/football/players/278374.png',NULL,15,2),(688,286970,'T. Díaz','Tomás Daniel','Díaz',24,'Argentina','177 cm','71 kg','https://media.api-sports.io/football/players/286970.png',NULL,15,2),(689,311070,'E. Mancuso','Eros Nazareno','Mancuso',26,'Argentina','173 cm','73 kg','https://media.api-sports.io/football/players/311070.png',NULL,15,3),(690,323782,'B. Bernardi','Yago Balthazar','Bernardi Gutierrez',24,'Argentina','187 cm','82 kg','https://media.api-sports.io/football/players/323782.png',NULL,15,3),(691,323785,'V. Taborda','Vicente','Taborda',24,'Argentina',NULL,NULL,'https://media.api-sports.io/football/players/323785.png',NULL,15,1),(692,323786,'M. Olguín','Matías Daniel','Olguín Cáceres',24,'Argentina','180 cm','78 kg','https://media.api-sports.io/football/players/323786.png',NULL,15,3),(693,324721,'J. Cabaña','Juan Pablo','Cabaña',24,'Argentina','184 cm','77 kg','https://media.api-sports.io/football/players/324721.png',NULL,15,1),(694,890,'M. Rojo','Faustino Marcos Alberto','Rojo',35,'Argentina','187 cm','85 kg','https://media.api-sports.io/football/players/890.png',NULL,15,3),(695,2419,'L. Advíncula','Luis Jan Piers','Advíncula Castrillón',35,'Peru','180 cm','80 kg','https://media.api-sports.io/football/players/2419.png',NULL,15,3),(696,2494,'S. Villa','Sebastián','Villa Cano',29,'Colombia','178 cm','65 kg','https://media.api-sports.io/football/players/2494.png',NULL,15,1),(697,5903,'J. García','Javier Hernán','García',38,'Argentina','180 cm','75 kg','https://media.api-sports.io/football/players/5903.png',NULL,15,4),(698,5963,'F. Fabra','Frank Yusty','Fabra Palacios',34,'Colombia','172 cm','72 kg','https://media.api-sports.io/football/players/5963.png',NULL,15,3),(699,5972,'J. Campuzano','Jorman David','Campuzano Puentes',29,'Colombia','175 cm','77 kg','https://media.api-sports.io/football/players/5972.png',NULL,15,2),(700,5976,'A. Molinas','Aaron Nicolás','Molinas',25,'Argentina','175 cm','67 kg','https://media.api-sports.io/football/players/5976.png',NULL,15,2),(701,5978,'A. Sánchez','Adrián Guillermo','Sánchez',26,'Argentina','177 cm','73 kg','https://media.api-sports.io/football/players/5978.png',NULL,15,2),(702,5979,'R. Ábila','Ramón Darío','Ábila',36,'Argentina','175 cm','84 kg','https://media.api-sports.io/football/players/5979.png',NULL,15,1),(703,5980,'A. Obando','Javier Agustín','Obando',25,'Argentina','172 cm','64 kg','https://media.api-sports.io/football/players/5980.png',NULL,15,1),(704,6239,'G. Maroni','Gonzalo','Maroni',26,'Argentina','175 cm','70 kg','https://media.api-sports.io/football/players/6239.png',NULL,15,2),(705,35693,'D. González','Diego Hernán','González',37,'Argentina','180 cm','78 kg','https://media.api-sports.io/football/players/35693.png',NULL,15,2),(706,237090,'E. Zeballos','Oscar Exequiel','Zeballos',23,'Argentina','174 cm','68 kg','https://media.api-sports.io/football/players/237090.png',NULL,15,1),(707,278372,'R. Giampaoli','Renzo','Giampaoli',25,'Argentina','188 cm','78 kg','https://media.api-sports.io/football/players/278372.png',NULL,15,3),(708,278373,'A. Sandez','Gonzalo Agustín','Sandez',24,'Argentina','179 cm','72 kg','https://media.api-sports.io/football/players/278373.png',NULL,15,3),(709,323780,'N. Génez','Nahuel Alejandro','Génez',22,'Argentina','175 cm','79 kg','https://media.api-sports.io/football/players/323780.png',NULL,15,3),(710,323784,'G. Vega','Gabriel Ramiro','Vega',23,'Argentina','186 cm','75 kg','https://media.api-sports.io/football/players/323784.png',NULL,15,2),(711,323788,'S. Rivero','Simón Gonzalo','Rivero',21,'Argentina','172 cm','75 kg','https://media.api-sports.io/football/players/323788.png',NULL,15,2),(712,323790,'S. Díaz','Sebastián Gabriel','Díaz Robles',22,'Argentina','185 cm','81 kg','https://media.api-sports.io/football/players/323790.png',NULL,15,4),(713,6074,'R. Bacchia','Renzo Damián','Bacchia Rodríguez',26,'Uruguay','187 cm','85 kg','https://media.api-sports.io/football/players/6074.png',NULL,16,4),(714,6081,'J. Di Lorenzo','Juan Antonio','Di Lorenzo',26,'Argentina','183 cm','74 kg','https://media.api-sports.io/football/players/6081.png',NULL,16,3),(715,35931,'S. Sosa','Carlos Sebastián','Sosa Silva',39,'Uruguay','183 cm','77 kg','https://media.api-sports.io/football/players/35931.png',NULL,16,4),(716,129885,'A. Soñora','Alan','Soñora',27,'USA','171 cm','65 kg','https://media.api-sports.io/football/players/129885.png',NULL,16,2),(717,196745,'J. Da Rosa','Juan Ezequiel','Da Rosa',27,'Argentina','171 cm','69 kg','https://media.api-sports.io/football/players/196745.png',NULL,16,1),(718,288747,'J. Marinovich','Jure Mateo','Marinovich',25,'Argentina','184 cm','80 kg','https://media.api-sports.io/football/players/288747.png',NULL,16,4),(719,288749,'M. Zurita','Mauro Héctor','Zurita',25,'Argentina','181 cm','76 kg','https://media.api-sports.io/football/players/288749.png',NULL,16,3),(720,288751,'J. Ostachuk','Javier Patricio','Ostachuk',25,'Argentina','185 cm','76 kg','https://media.api-sports.io/football/players/288751.png',NULL,16,3),(721,288757,'J. Zarza','Juan Román','Zarza',24,'Argentina','170 cm','76 kg','https://media.api-sports.io/football/players/288757.png',NULL,16,2),(722,289663,'Nehuén Tomás García','Nehuén Tomás','García',24,'Argentina','174 cm','75 kg','https://media.api-sports.io/football/players/289663.png',NULL,16,3),(723,294595,'F. Rotela','Federico Gustavo','Rotela',26,'Argentina','173 cm','68 kg','https://media.api-sports.io/football/players/294595.png',NULL,16,2),(724,297148,'F. Chávez','Fernando Joaquín','Chávez',26,'Argentina','179 cm','76 kg','https://media.api-sports.io/football/players/297148.png',NULL,16,2),(725,310433,'S. Velásquez','Santiago','Velásquez',24,'Argentina','184 cm','78 kg','https://media.api-sports.io/football/players/310433.png',NULL,16,3),(726,311072,'D. Segovia','Diego Alexandre','Segovia Hernández',25,'Uruguay','191 cm','80 kg','https://media.api-sports.io/football/players/311072.png',NULL,16,4),(727,311073,'I. Medina','Ignacio Manuel','Medina',23,'Argentina','176 cm','68 kg','https://media.api-sports.io/football/players/311073.png',NULL,16,2),(728,311074,'M. Sosa','Matías Nicolás','Sosa Ugolini',23,'Argentina','172 cm','75 kg','https://media.api-sports.io/football/players/311074.png',NULL,16,2),(729,311076,'A. Erburu','Antonio','Erburu',23,'Argentina','175 cm','70 kg','https://media.api-sports.io/football/players/311076.png',NULL,16,1),(730,311077,'A. Lezcano','Ricardo Agustín','Lezcano',24,'Argentina','179 cm','77 kg','https://media.api-sports.io/football/players/311077.png',NULL,16,1),(731,311079,'D. Sayago','Ángel David','Sayago',25,'Argentina','181 cm','86 kg','https://media.api-sports.io/football/players/311079.png',NULL,16,1),(732,311080,'L. Villalva','Luciano Joaquín','Villalva',25,'Argentina','175 cm','71 kg','https://media.api-sports.io/football/players/311080.png',NULL,16,1),(733,2471,'D. Blanco','Domingo Felipe','Blanco',30,'Argentina','167 cm','63 kg','https://media.api-sports.io/football/players/2471.png',NULL,16,2),(734,2557,'P. Hernández','Pedro Pablo','Hernández',39,'Chile','184 cm','82 kg','https://media.api-sports.io/football/players/2557.png',NULL,16,2),(735,5621,'N. Messiniti','Nicolás Ariel','Messiniti',29,'Argentina','184 cm','80 kg','https://media.api-sports.io/football/players/5621.png',NULL,16,1),(736,5958,'G. Togni','Gastón Alberto','Togni',28,'Argentina','181 cm','80 kg','https://media.api-sports.io/football/players/5958.png',NULL,16,1),(737,6073,'M. Álvarez','Milton David','Álvarez',36,'Argentina','185 cm','84 kg','https://media.api-sports.io/football/players/6073.png',NULL,16,4),(738,6076,'G. Asís','Gonzalo','Asís',29,'Argentina','174 cm','64 kg','https://media.api-sports.io/football/players/6076.png',NULL,16,3),(739,6077,'S. Barreto','Sergio Damián','Barreto',26,'Argentina','184 cm','74 kg','https://media.api-sports.io/football/players/6077.png',NULL,16,3),(740,6083,'A. Franco','Alan Javier','Franco',29,'Argentina','180 cm','77 kg','https://media.api-sports.io/football/players/6083.png',NULL,16,3),(741,6184,'A. Roa','Andrés Felipe','Roa Estrada',32,'Colombia','175 cm','67 kg','https://media.api-sports.io/football/players/6184.png',NULL,16,2),(742,11417,'J. Insaurralde','Juan Manuel','Insaurralde',41,'Argentina','187 cm','87 kg','https://media.api-sports.io/football/players/11417.png',NULL,16,3),(743,51553,'F. Martínez','Federico Andrés','Martínez Berroa',29,'Uruguay','175 cm','72 kg','https://media.api-sports.io/football/players/51553.png',NULL,16,1),(744,148098,'B. Martínez','Braian Miguel Ángel','Martínez',26,'Argentina','170 cm','75 kg','https://media.api-sports.io/football/players/148098.png',NULL,16,1),(745,288748,'E. Moschen','Ezequiel Eduardo','Moschen',25,'Argentina','182 cm','76 kg','https://media.api-sports.io/football/players/288748.png',NULL,16,3),(746,288752,'J. Pacchini','Juan Ignacio','Pacchini',25,'Argentina','173 cm','67 kg','https://media.api-sports.io/football/players/288752.png',NULL,16,2),(747,288754,'F. Velazco','Facundo Ezequiel','Velazco Flores',26,'Argentina','165 cm','70 kg','https://media.api-sports.io/football/players/288754.png',NULL,16,2),(748,288755,'M. Landáburu','Marcos Nahuel','Landáburu',25,'Argentina','186 cm','82 kg','https://media.api-sports.io/football/players/288755.png',NULL,16,1),(749,288756,'R. Márquez','Rodrigo Leonel','Márquez De Meneses',23,'Argentina','179 cm','71 kg','https://media.api-sports.io/football/players/288756.png',NULL,16,1),(750,311075,'S. Ayala','Santiago Agustín','Ayala Rodríguez',23,'Argentina','173 cm','76 kg','https://media.api-sports.io/football/players/311075.png',NULL,16,1),(751,321642,'R. Soria','Rodrigo Ariel','Soria Madejón',23,'Argentina',NULL,NULL,'https://media.api-sports.io/football/players/321642.png',NULL,16,4),(752,6080,'F. Bustos','Fabricio Tomás','Bustos Sein',29,'Argentina','168 cm','70 kg','https://media.api-sports.io/football/players/6080.png',NULL,16,3),(753,6085,'C. Benavídez','Carlos Nahuel','Benavídez Protesoni',27,'Uruguay','185 cm','76 kg','https://media.api-sports.io/football/players/6085.png',NULL,16,2),(754,6092,'A. Velasco','Alan Agustín','Velasco',23,'Argentina','167 cm','63 kg','https://media.api-sports.io/football/players/6092.png',NULL,16,1),(755,6096,'J. Menéndez','Jonathan Diego','Menéndez',31,'Argentina','166 cm','62 kg','https://media.api-sports.io/football/players/6096.png',NULL,16,1),(756,6099,'S. Romero','Silvio Ezequiel','Romero',37,'Argentina','176 cm','76 kg','https://media.api-sports.io/football/players/6099.png',NULL,16,1),(757,6143,'L. Rodríguez','Lucas Nahuel','Rodríguez',32,'Argentina','169 cm','66 kg','https://media.api-sports.io/football/players/6143.png',NULL,16,3),(758,6252,'S. Palacios','Sebastián Alberto','Palacios',33,'Argentina','169 cm','69 kg','https://media.api-sports.io/football/players/6252.png',NULL,16,1),(759,10100,'L. Romero','Lucas Daniel','Romero',31,'Argentina','172 cm','70 kg','https://media.api-sports.io/football/players/10100.png',NULL,16,2),(760,47406,'E. Muñoz','Ezequiel Matías','Muñoz',35,'Argentina','185 cm','78 kg','https://media.api-sports.io/football/players/47406.png',NULL,16,3),(761,59355,'J. Herrera','Jonathan Carlos','Herrera',34,'Argentina','175 cm','74 kg','https://media.api-sports.io/football/players/59355.png',NULL,16,1),(762,126671,'L. González','Lucas Nahuel','González Martínez',25,'Argentina','169 cm','68 kg','https://media.api-sports.io/football/players/126671.png',NULL,16,2),(763,196744,'T. Ortega','Thomas Sebastián','Ortega',25,'Argentina','178 cm','72 kg','https://media.api-sports.io/football/players/196744.png',NULL,16,3),(764,288750,'A. Costa','Ayrton Enrique','Costa',26,'Argentina','179 cm','74 kg','https://media.api-sports.io/football/players/288750.png',NULL,16,3),(765,288753,'T. Pozzo','Tomás Agustín','Pozzo',25,'Argentina','171 cm','73 kg','https://media.api-sports.io/football/players/288753.png',NULL,16,2),(766,6016,'C. Lucchetti','Cristian David','Lucchetti',45,'Argentina','182 cm','74 kg','https://media.api-sports.io/football/players/6016.png',NULL,17,4),(767,6024,'M. Osores','Mauro Gabriel','Osores',28,'Argentina','190 cm',NULL,'https://media.api-sports.io/football/players/6024.png',NULL,17,3),(768,6025,'G. Risso Patrón','Gabriel Adolfo','Risso Patrón',30,'Argentina','179 cm','73 kg','https://media.api-sports.io/football/players/6025.png',NULL,17,3),(769,6039,'K. Isa Luna','Kevin Amir','Isa Luna',24,'Argentina',NULL,NULL,'https://media.api-sports.io/football/players/6039.png',NULL,17,1),(770,6044,'J. Toledo','Javier Fabián','Toledo',39,'Argentina','190 cm','89 kg','https://media.api-sports.io/football/players/6044.png',NULL,17,1),(771,36029,'C. Menéndez','Cristian Matías','Menéndez',37,'Argentina','185 cm','80 kg','https://media.api-sports.io/football/players/36029.png',NULL,17,1),(772,46684,'N. Aguirre','Nicolás Diego','Aguirre',34,'Argentina','181 cm','79 kg','https://media.api-sports.io/football/players/46684.png',NULL,17,2),(773,76111,'C. Erbes','Cristian Damián','Erbes',35,'Argentina','172 cm','72 kg','https://media.api-sports.io/football/players/76111.png',NULL,17,2),(774,80819,'Luciano Fabián Monzón','Luciano Fabián','Monzón',38,'Argentina','179 cm','75 kg','https://media.api-sports.io/football/players/80819.png',NULL,17,3),(775,129906,'C. Albornoz','Camilo Hernán','Albornoz',25,'Argentina',NULL,NULL,'https://media.api-sports.io/football/players/129906.png',NULL,17,3),(776,199925,'E. Rosales','Emanuel Hernán','Rosales',26,'Argentina','182 cm','77 kg','https://media.api-sports.io/football/players/199925.png',NULL,17,2),(777,288766,'A. Bustos','Abel Alejandro','Bustos',26,'Argentina','169 cm','72 kg','https://media.api-sports.io/football/players/288766.png',NULL,17,2),(778,313580,'N. Duarte','Nahuel','Duarte Aguirre',24,'Argentina','193 cm','86 kg','https://media.api-sports.io/football/players/313580.png',NULL,17,3),(779,322309,'M. Valor','Marcos Daniel','Valor',25,'Argentina',NULL,NULL,'https://media.api-sports.io/football/players/322309.png',NULL,17,3),(780,322310,'F. Coman','Franco Leonardo','Coman',27,'Argentina',NULL,NULL,'https://media.api-sports.io/football/players/322310.png',NULL,17,1),(781,323575,'L. Naranjo','Lucas Nahuel','Naranjo',23,'Argentina',NULL,NULL,'https://media.api-sports.io/football/players/323575.png',NULL,17,2),(782,348084,'M. Sánchez','Matías','Sánchez',26,'Argentina','175 cm',NULL,'https://media.api-sports.io/football/players/348084.png',NULL,17,3),(783,348085,'J. Ávila','Joaquín Ismael','Ávila',23,'Argentina',NULL,NULL,'https://media.api-sports.io/football/players/348085.png',NULL,17,2),(784,5343,'T. Marchiori','Tomás Ignacio','Marchiori Carreño',30,'Argentina','186 cm','84 kg','https://media.api-sports.io/football/players/5343.png',NULL,17,4),(785,6022,'Y. Cabral','Yonathan Emanuel','Cabral',33,'Argentina','188 cm','84 kg','https://media.api-sports.io/football/players/6022.png',NULL,19,3),(786,6030,'R. Carrera','Ramiro Ángel','Carrera',32,'Argentina','182 cm','70 kg','https://media.api-sports.io/football/players/6030.png',NULL,17,2),(787,6129,'A. Lotti','Augusto Diego','Lotti',29,'Argentina','179 cm','70 kg','https://media.api-sports.io/football/players/6129.png',NULL,17,1),(788,6208,'G. Acosta','Guillermo Gastón','Acosta',37,'Argentina','185 cm','84 kg','https://media.api-sports.io/football/players/6208.png',NULL,17,2),(789,6440,'F. Mussis','Franco Gabriel','Mussis',32,'Argentina','174 cm','75 kg','https://media.api-sports.io/football/players/6440.png',NULL,17,2),(790,6515,'M. Ortiz','Marcelo Damián','Ortiz',31,'Argentina','186 cm','80 kg','https://media.api-sports.io/football/players/6515.png',NULL,17,3),(791,6517,'J. Pereyra','Joaquín Nicolás','Pereyra',27,'Argentina','181 cm','73 kg','https://media.api-sports.io/football/players/6517.png',NULL,17,2),(792,6653,'L. Heredia','Leonardo Matías','Heredia',29,'Argentina','185 cm','79 kg','https://media.api-sports.io/football/players/6653.png',NULL,17,2),(793,11415,'F. Campos','Felipe Manuel','Campos Mosqueira',32,'Chile','179 cm','79 kg','https://media.api-sports.io/football/players/11415.png',NULL,17,3),(794,26975,'M. Orihuela','Matías Exequiel','Orihuela Bonino',33,'Argentina','178 cm','72 kg','https://media.api-sports.io/football/players/26975.png',NULL,19,3),(795,129905,'A. Lagos','Álvaro Agustín','Lagos',24,'Argentina','191 cm','73 kg','https://media.api-sports.io/football/players/129905.png',NULL,17,3),(796,129907,'R. Ruíz Rodríguez','Ramiro','Ruíz Rodríguez',25,'Argentina',NULL,NULL,'https://media.api-sports.io/football/players/129907.png',NULL,17,1),(797,199926,'N. Laméndola','Nicolás Emanuel','Laméndola',27,'Argentina','178 cm','69 kg','https://media.api-sports.io/football/players/199926.png',NULL,17,1),(798,296838,'I. Maestro Puch','Ignacio Daniel','Maestro Puch',22,'Argentina','176 cm','78 kg','https://media.api-sports.io/football/players/296838.png',NULL,17,1),(799,302926,'N. Romero','Fernando Nicolás','Romero',22,'Argentina','186 cm','80 kg','https://media.api-sports.io/football/players/302926.png',NULL,17,3),(800,346677,'M. Brandán','Gonzalo Moisés','Brandán',25,'Argentina','182 cm','76 kg','https://media.api-sports.io/football/players/346677.png',NULL,17,3),(801,5636,'J. Esquivel','Juan Cruz','Esquivel',25,'Argentina','173 cm','80 kg','https://media.api-sports.io/football/players/5636.png',NULL,18,1),(802,5711,'M. Córdoba','Matías Rodrigo','Córdoba',26,'Argentina',NULL,NULL,'https://media.api-sports.io/football/players/5711.png',NULL,18,1),(803,6224,'F. Fragueda','Franco Nicolás','Fragueda',25,'Argentina','189 cm','81 kg','https://media.api-sports.io/football/players/6224.png',NULL,18,4),(804,6226,'F. Bersano','Fernando Luis','Bersano',27,'Argentina','168 cm','68 kg','https://media.api-sports.io/football/players/6226.png',NULL,18,3),(805,35686,'J. Velázquez','Julián Alberto','Velázquez',35,'Argentina','181 cm','83 kg','https://media.api-sports.io/football/players/35686.png',NULL,18,3),(806,289364,'G. Torres','Gastón Alberto','Torres',25,'Argentina','167 cm','64 kg','https://media.api-sports.io/football/players/289364.png',NULL,18,2),(807,289665,'M. Mamani','Mateo José','Mamani',23,'Argentina','170 cm','60 kg','https://media.api-sports.io/football/players/289665.png',NULL,18,1),(808,290052,'C. Puigdellivol','Conrado','Puigdellivol',24,'Argentina','184 cm','74 kg','https://media.api-sports.io/football/players/290052.png',NULL,18,2),(809,292860,'V. Umeres','Renzo Valentín','Umeres',22,'Argentina','167 cm','56 kg','https://media.api-sports.io/football/players/292860.png',NULL,18,2),(810,302995,'C. Ludueña','Cristian Nicolás','Ludueña',22,'Argentina','169 cm','74 kg','https://media.api-sports.io/football/players/302995.png',NULL,18,2),(811,306571,'S. Zarantonello','Stéfano','Zarantonello',24,'Argentina',NULL,NULL,'https://media.api-sports.io/football/players/306571.png',NULL,18,1),(812,311356,'L. Martínez','Laureano Imanol','Martínez Lezcano',23,'Argentina','188 cm','86 kg','https://media.api-sports.io/football/players/311356.png',NULL,18,4),(813,311358,'A. Gallo','Augusto Fernando','Gallo',25,'Argentina','174 cm','74 kg','https://media.api-sports.io/football/players/311358.png',NULL,18,3),(814,311359,'O. Moscarelli','Octavio Alejandro','Moscarelli',24,'Argentina','184 cm','78 kg','https://media.api-sports.io/football/players/311359.png',NULL,18,3),(815,311364,'J. Giménez','Jeremías','Giménez',25,'Argentina','175 cm','73 kg','https://media.api-sports.io/football/players/311364.png',NULL,18,2),(816,311365,'M. Quilodrán','Mauricio Adriel','Quilodrán',25,'Argentina','175 cm','75 kg','https://media.api-sports.io/football/players/311365.png',NULL,18,2),(817,311366,'F. Robles','Francisco','Robles',25,'Argentina','175 cm','75 kg','https://media.api-sports.io/football/players/311366.png',NULL,18,2),(818,311368,'S. Frutos','Sergio Hugo','Frutos',21,'Argentina','167 cm','68 kg','https://media.api-sports.io/football/players/311368.png',NULL,18,1),(819,311369,'M. Machado','Marcos Nicolás','Machado',24,'Argentina','174 cm','73 kg','https://media.api-sports.io/football/players/311369.png',NULL,18,1),(820,1644,'J. Mauri','José Agustín','Mauri',29,'Italy','169 cm','63 kg','https://media.api-sports.io/football/players/1644.png',NULL,18,2),(821,6232,'R. Paparelli','Renzo','Paparelli',28,'Argentina','184 cm','81 kg','https://media.api-sports.io/football/players/6232.png',NULL,18,3),(822,6237,'E. Díaz','Enzo Hernán','Díaz',30,'Argentina','175 cm','65 kg','https://media.api-sports.io/football/players/6237.png',NULL,18,3),(823,6238,'F. Juárez','Fernando Ezequiel','Juárez',27,'Argentina','177 cm','69 kg','https://media.api-sports.io/football/players/6238.png',NULL,18,2),(824,6240,'I. Méndez','Juan Ignacio','Méndez Aveiro',28,'Argentina','175 cm','69 kg','https://media.api-sports.io/football/players/6240.png',NULL,18,2),(825,6242,'T. Pochettino','Tomás','Pochettino',29,'Argentina','178 cm','75 kg','https://media.api-sports.io/football/players/6242.png',NULL,18,2),(826,6247,'C. Villalba','Carlos Gabriel','Villalba Rivas',27,'Argentina','175 cm','71 kg','https://media.api-sports.io/football/players/6247.png',NULL,18,2),(827,6251,'M. Ortiz','Mauro Gabriel','Ortiz',31,'Argentina','162 cm','64 kg','https://media.api-sports.io/football/players/6251.png',NULL,18,1),(828,6254,'D. Valoyes','Diego Luis','Valoyes Ruíz',29,'Colombia','182 cm','76 kg','https://media.api-sports.io/football/players/6254.png',NULL,18,1),(829,6420,'M. Retegui','Mateo','Retegui',26,'Italy','186 cm','84 kg','https://media.api-sports.io/football/players/6420.png',NULL,18,1),(830,6717,'F. Mac Allister','Francis Manuel','Mac Allister',30,'Argentina','176 cm','71 kg','https://media.api-sports.io/football/players/6717.png',NULL,18,2),(831,10404,'Guilherme Parede','Guilherme','Parede Pinheiro',30,'Brazil','178 cm','75 kg','https://media.api-sports.io/football/players/10404.png',NULL,18,2),(832,162447,'J. Blázquez','Joaquín','Blázquez',24,'Argentina','193 cm','91 kg','https://media.api-sports.io/football/players/162447.png',NULL,18,4),(833,169884,'I. Lago','Manuel Ignacio','Lago',23,'Argentina','175 cm','72 kg','https://media.api-sports.io/football/players/169884.png',NULL,18,1),(834,194904,'S. Toloza','Santiago Federico','Toloza',23,'Argentina','171 cm','69 kg','https://media.api-sports.io/football/players/194904.png',NULL,18,2),(835,311355,'F. Gualtieri','Francisco Agustín','Gualtieri',22,'Argentina','184 cm','76 kg','https://media.api-sports.io/football/players/311355.png',NULL,18,4),(836,311363,'A. Funes','Agustín Matías','Funes Bernardo',21,'Argentina','171 cm','71 kg','https://media.api-sports.io/football/players/311363.png',NULL,18,2),(837,5641,'Á. Martino','Ángelo','Martino',27,'Argentina','178 cm','72 kg','https://media.api-sports.io/football/players/5641.png',NULL,18,3),(838,6128,'F. Fragapane','Franco Rodrigo','Fragapane',32,'Argentina','170 cm','66 kg','https://media.api-sports.io/football/players/6128.png',NULL,18,2),(839,6187,'C. Auzqui','Carlos Daniel','Auzqui',34,'Argentina','174 cm','71 kg','https://media.api-sports.io/football/players/6187.png',NULL,18,1),(840,6225,'G. Herrera','Guido Gabriel','Herrera',33,'Argentina','187 cm','80 kg','https://media.api-sports.io/football/players/6225.png',NULL,18,4),(841,6229,'J. Komar','Juan Cruz','Komar',29,'Argentina','190 cm','82 kg','https://media.api-sports.io/football/players/6229.png',NULL,18,3),(842,6241,'F. Navarro','Federico Darío','Navarro',25,'Argentina','173 cm','70 kg','https://media.api-sports.io/football/players/6241.png',NULL,18,2),(843,6249,'M. Arturia','Marcos Luis','Arturia',27,'Argentina','187 cm','80 kg','https://media.api-sports.io/football/players/6249.png',NULL,18,1),(844,47424,'M. Santos','Michael Nicolás','Santos Rosadilla',32,'Uruguay','175 cm','68 kg','https://media.api-sports.io/football/players/47424.png',NULL,18,1),(845,127817,'P. Hincapié','Piero Martín','Hincapié Reyna',23,'Ecuador','184 cm','77 kg','https://media.api-sports.io/football/players/127817.png',NULL,18,3),(846,129883,'A. Schott','Augusto','Schott',25,'Argentina','175 cm','72 kg','https://media.api-sports.io/football/players/129883.png',NULL,25,3),(847,194903,'G. Álvez','Maximiliano Gonzalo','Álvez',22,'Argentina','169 cm','66 kg','https://media.api-sports.io/football/players/194903.png',NULL,18,2),(848,194905,'D. Romero','José David','Romero',22,'Argentina','179 cm','77 kg','https://media.api-sports.io/football/players/194905.png',NULL,18,1),(849,195996,'F. Cabral','Favio Benjamín','Cabral',24,'Argentina','187 cm','79 kg','https://media.api-sports.io/football/players/195996.png',NULL,18,1),(850,289460,'J. Malatini','Julián','Malatini',24,'Argentina','191 cm','84 kg','https://media.api-sports.io/football/players/289460.png',NULL,18,3),(851,293346,'M. Sosa','Josías Matías','Sosa',24,'Argentina','179 cm','77 kg','https://media.api-sports.io/football/players/293346.png',NULL,18,1),(852,311360,'T. Palacios','Tiago Tomás','Palacios',22,'Argentina','196 cm','80 kg','https://media.api-sports.io/football/players/311360.png',NULL,18,3),(853,311362,'S. Studer','Sheyko Darko','Studer',23,'Argentina','191 cm','89 kg','https://media.api-sports.io/football/players/311362.png',NULL,18,3),(854,322324,'A. Venezia','Agustín Adrián','Venezia',22,'Argentina',NULL,NULL,'https://media.api-sports.io/football/players/322324.png',NULL,18,1),(855,6089,'P. Pérez','Pablo Javier','Pérez',39,'Argentina','175 cm','71 kg','https://media.api-sports.io/football/players/6089.png',NULL,19,2),(856,6341,'F. Nadalín','Facundo Agustín','Nadalín',28,'Argentina','176 cm','73 kg','https://media.api-sports.io/football/players/6341.png',NULL,19,3),(857,6352,'D. Rodríguez','Denis Emanuel','Rodríguez',28,'Argentina','179 cm','70 kg','https://media.api-sports.io/football/players/6352.png',NULL,19,2),(858,6362,'J. Marcioni','Julián','Marcioni',27,'Argentina','176 cm','72 kg','https://media.api-sports.io/football/players/6362.png',NULL,25,1),(859,6428,'M. Guanini','Manuel','Guanini',29,'Argentina','191 cm','86 kg','https://media.api-sports.io/football/players/6428.png',NULL,19,3),(860,6614,'F. Belluschi','Fernando Daniel','Belluschi',42,'Argentina','171 cm','72 kg','https://media.api-sports.io/football/players/6614.png',NULL,19,2),(861,237275,'F. Herrera','Franco Javier','Herrera',22,'Argentina','190 cm','93 kg','https://media.api-sports.io/football/players/237275.png',NULL,19,4),(862,295512,'D. Calcaterra','Diego Ezequiel','Calcaterra',24,'Argentina','188 cm','80 kg','https://media.api-sports.io/football/players/295512.png',NULL,19,3),(863,296129,'L. Cingolani','Luciano César','Cingolani',24,'Argentina','172 cm','68 kg','https://media.api-sports.io/football/players/296129.png',NULL,19,1),(864,296524,'M. Campagnaro','Marco','Campagnaro',21,'Argentina','180 cm','73 kg','https://media.api-sports.io/football/players/296524.png',NULL,19,3),(865,302929,'T. Berardozzi','Tomás','Berardozzi',23,'Argentina','176 cm','74 kg','https://media.api-sports.io/football/players/302929.png',NULL,19,3),(866,306569,'Á. De Gaetani','Álvaro','De Gaetani',25,'Argentina',NULL,NULL,'https://media.api-sports.io/football/players/306569.png',NULL,19,3),(867,309657,'M. Leyendeker','Milton Ramón','Leyendeker',27,'Argentina','185 cm','78 kg','https://media.api-sports.io/football/players/309657.png',NULL,19,3),(868,311373,'P. Acevedo','Patricio Andrés','Acevedo',21,'Argentina','169 cm','69 kg','https://media.api-sports.io/football/players/311373.png',NULL,19,3),(869,311379,'R. Bravo','Román Alberto','Bravo',24,'Argentina','174 cm','74 kg','https://media.api-sports.io/football/players/311379.png',NULL,19,1),(870,341900,'J. Pérez','Jeremías Leonel','Pérez Tica',22,'Argentina','170 cm','76 kg','https://media.api-sports.io/football/players/341900.png',NULL,19,1),(871,5622,'R. Macagno','Ramiro Jesús','Macagno',28,'Argentina','185 cm','77 kg','https://media.api-sports.io/football/players/5622.png',NULL,19,4),(872,6260,'M. Capasso','Manuel Vicente','Capasso',29,'Argentina','188 cm','87 kg','https://media.api-sports.io/football/players/6260.png',NULL,19,3),(873,6333,'M. Bíttolo','Mariano Ezequiel','Bíttolo',35,'Argentina','175 cm','66 kg','https://media.api-sports.io/football/players/6333.png',NULL,19,3),(874,6337,'J. Freytes','Juan Pablo','Freytes',25,'Argentina','186 cm','81 kg','https://media.api-sports.io/football/players/6337.png',NULL,19,3),(875,6345,'J. Cacciabue','Jerónimo','Cacciabue',27,'Argentina','173 cm','73 kg','https://media.api-sports.io/football/players/6345.png',NULL,19,2),(876,6349,'M. Ribero','Emanuel Maximiliano','Ribero',28,'Argentina','169 cm','68 kg','https://media.api-sports.io/football/players/6349.png',NULL,19,2),(877,6351,'A. Rodríguez','Alexis Agustín','Rodríguez',29,'Argentina','173 cm','73 kg','https://media.api-sports.io/football/players/6351.png',NULL,19,1),(878,6356,'E. Cabrera','Enzo Daniel','Cabrera',26,'Argentina','175 cm','70 kg','https://media.api-sports.io/football/players/6356.png',NULL,19,1),(879,153372,'N. Castro','Nicolás Federico','Castro',25,'Argentina','182 cm','79 kg','https://media.api-sports.io/football/players/153372.png',NULL,19,2),(880,237089,'J. Sforza','Juan Sebastián','Sforza',23,'Argentina','180 cm','77 kg','https://media.api-sports.io/football/players/237089.png',NULL,19,2),(881,289463,'M. Maccari','Mateo Ignacio','Maccari',25,'Argentina','182 cm','81 kg','https://media.api-sports.io/football/players/289463.png',NULL,19,2),(882,289464,'R. Sordo','Ramiro Gabriel','Sordo',25,'Argentina','174 cm','68 kg','https://media.api-sports.io/football/players/289464.png',NULL,19,2),(883,306837,'T. Donsanti','Tobías','Donsanti',25,'Argentina','173 cm',NULL,'https://media.api-sports.io/football/players/306837.png',NULL,19,1),(884,311375,'F. Coronel','Felipe','Coronel',24,'Argentina','177 cm','74 kg','https://media.api-sports.io/football/players/311375.png',NULL,19,3),(885,311376,'G. Balzi','Guillermo','Balzi',24,'Argentina','175 cm','71 kg','https://media.api-sports.io/football/players/311376.png',NULL,19,2),(886,342727,'T. Jacob','Tomás','Jacob',21,'Argentina','180 cm','74 kg','https://media.api-sports.io/football/players/342727.png',NULL,19,3),(887,5675,'J. Giani','Justo','Giani',26,'Argentina','180 cm','71 kg','https://media.api-sports.io/football/players/5675.png',NULL,19,1),(888,6330,'A. Aguerre','Alan Joaquín','Aguerre',35,'Argentina','181 cm','76 kg','https://media.api-sports.io/football/players/6330.png',NULL,19,4),(889,6359,'F. González','Francisco Agustín','González',24,'Argentina','170 cm','70 kg','https://media.api-sports.io/football/players/6359.png',NULL,19,1),(890,6473,'G. Compagnucci','Gabriel Carlos','Compagnucci',34,'Argentina','178 cm','74 kg','https://media.api-sports.io/football/players/6473.png',NULL,19,3),(891,50874,'F. Escobar','Franco Nicolás','Escobar',30,'Argentina','175 cm','72 kg','https://media.api-sports.io/football/players/50874.png',NULL,19,3),(892,51599,'C. Lema','Cristian Franco','Lema',35,'Argentina','190 cm','81 kg','https://media.api-sports.io/football/players/51599.png',NULL,19,3),(893,70732,'J. Canale','José María','Canale Domínguez',29,'Paraguay','183 cm','82 kg','https://media.api-sports.io/football/players/70732.png',NULL,19,3),(894,289461,'W. Barlasina','Williams','Barlasina',27,'Argentina','196 cm','84 kg','https://media.api-sports.io/football/players/289461.png',NULL,19,4),(895,289462,'B. Calderara','Brian Alejandro','Calderara',27,'Argentina','170 cm','67 kg','https://media.api-sports.io/football/players/289462.png',NULL,19,3),(896,289465,'B. Aguirre','Brian Nicolás','Aguirre',22,'Argentina','175 cm','65 kg','https://media.api-sports.io/football/players/289465.png',NULL,19,1),(897,290806,'F. Mansilla','Zahir Facundo','Mansilla',26,'Argentina','190 cm','82 kg','https://media.api-sports.io/football/players/290806.png',NULL,19,3),(898,310660,'M. Jaime','Misael Omar','Jaime',21,'Argentina','172 cm','66 kg','https://media.api-sports.io/football/players/310660.png',NULL,19,1),(899,310661,'M. Luciano','Martín Abel','Luciano',22,'Argentina','177 cm','70 kg','https://media.api-sports.io/football/players/310661.png',NULL,19,3),(900,311377,'M. Esponda','Marcelo César','Esponda',22,'Argentina','179 cm','77 kg','https://media.api-sports.io/football/players/311377.png',NULL,19,2),(901,311380,'N. Fúnez','Nazareno Manuel','Fúnez',24,'Argentina','187 cm','81 kg','https://media.api-sports.io/football/players/311380.png',NULL,19,1),(902,311381,'G. Rossi','Genaro Ariel','Rossi',23,'Argentina','182 cm','79 kg','https://media.api-sports.io/football/players/311381.png',NULL,19,1),(903,349347,'M. Portillo','Marcos Ezequiel','Portillo',25,'Argentina',NULL,NULL,'https://media.api-sports.io/football/players/349347.png',NULL,19,2),(904,6273,'I. Colman','Iván Leonardo','Colman',30,'Argentina','173 cm','68 kg','https://media.api-sports.io/football/players/6273.png',NULL,20,2),(905,6282,'M. Pisano','Matías','Pisano',34,'Argentina','161 cm','66 kg','https://media.api-sports.io/football/players/6282.png',NULL,20,2),(906,6322,'D. Sosa','Diego','Sosa',34,'Argentina','167 cm','64 kg','https://media.api-sports.io/football/players/6322.png',NULL,20,2),(907,6702,'M. Centurión','Maximiliano Tomás','Centurión',26,'Argentina','192 cm','90 kg','https://media.api-sports.io/football/players/6702.png',NULL,20,3),(908,6703,'N. Forastiero','Nicolás Alejandro','Forastiero',27,'Argentina','183 cm','78 kg','https://media.api-sports.io/football/players/6703.png',NULL,20,4),(909,6708,'J. Sandoval','Jonathan Alexis','Sandoval Rojas',37,'Uruguay','179 cm','76 kg','https://media.api-sports.io/football/players/6708.png',NULL,20,3),(910,6729,'L. Ferraz','Lucas Martín','Ferraz Vila',25,'Argentina','166 cm','66 kg','https://media.api-sports.io/football/players/6729.png',NULL,20,1),(911,6730,'G. Hauche','Gabriel Agustín','Hauche',39,'Argentina','168 cm','71 kg','https://media.api-sports.io/football/players/6730.png',NULL,23,1),(912,6733,'M. Romero','Matías Alexis','Romero',29,'Argentina','178 cm','72 kg','https://media.api-sports.io/football/players/6733.png',NULL,20,2),(913,51786,'J. Cabrera','Marcelo Javier','Cabrera Rivero',33,'Uruguay','173 cm','68 kg','https://media.api-sports.io/football/players/51786.png',NULL,20,1),(914,52588,'D. Saggiomo','Daniel Alessandro','Saggiomo Mosquera',27,'Venezuela','165 cm','55 kg','https://media.api-sports.io/football/players/52588.png',NULL,20,2),(915,289467,'J. Pucheta','Juan Román','Pucheta',23,'Argentina','182 cm','71 kg','https://media.api-sports.io/football/players/289467.png',NULL,20,1),(916,303659,'P. Minissale','Pablo Agustín','Minissale',24,'Argentina','182 cm','79 kg','https://media.api-sports.io/football/players/303659.png',NULL,20,3),(917,304861,'M. Cordeviola','Manuel','Cordeviola',25,'Argentina',NULL,NULL,'https://media.api-sports.io/football/players/304861.png',NULL,20,1),(918,306544,'A. Palomeque','Alexis Agustín','Palomeque',25,'Argentina','172 cm','73 kg','https://media.api-sports.io/football/players/306544.png',NULL,20,3),(919,306546,'R. Riquelme','Román Daniel','Riquelme',23,'Argentina','184 cm','75 kg','https://media.api-sports.io/football/players/306546.png',NULL,20,3),(920,311346,'R. Conechny','Renzo','Conechny',24,'Argentina','178 cm','73 kg','https://media.api-sports.io/football/players/311346.png',NULL,20,1),(921,5654,'M. Godoy','Matías Emanuel','Godoy',23,'Argentina','176 cm','70 kg','https://media.api-sports.io/football/players/5654.png',NULL,20,1),(922,5852,'Y. González','Cristian Yair','González',23,'Argentina','171 cm','68 kg','https://media.api-sports.io/football/players/5852.png',NULL,20,1),(923,6268,'L. Villalba','Lucas Hernán','Villalba',31,'Argentina','177 cm','73 kg','https://media.api-sports.io/football/players/6268.png',NULL,23,3),(924,6483,'G. Ávalos','Gabriel','Ávalos Stumpfs',34,'Paraguay','188 cm','91 kg','https://media.api-sports.io/football/players/6483.png',NULL,20,1),(925,6697,'L. Chaves','Lucas Abraham','Chaves',30,'Argentina','179 cm','72 kg','https://media.api-sports.io/football/players/6697.png',NULL,20,4),(926,6698,'L. Finochietto','Leandro Farid','Finochietto',28,'Argentina','187 cm','78 kg','https://media.api-sports.io/football/players/6698.png',NULL,20,4),(927,6704,'Elías Gómez','Elías José','Gómez',31,'Argentina','179 cm','70 kg','https://media.api-sports.io/football/players/6704.png',NULL,20,3),(928,6707,'C. Quintana','Carlos Gustavo','Quintana',37,'Argentina','191 cm','88 kg','https://media.api-sports.io/football/players/6707.png',NULL,20,3),(929,6709,'M. Torrén','Miguel Ángel','Torrén',37,'Argentina','176 cm','71 kg','https://media.api-sports.io/football/players/6709.png',NULL,20,3),(930,6721,'F. Moyano','Franco David','Moyano',28,'Argentina','171 cm','68 kg','https://media.api-sports.io/football/players/6721.png',NULL,20,2),(931,6725,'F. Vera','Fausto Mariano','Vera',25,'Argentina','179 cm','72 kg','https://media.api-sports.io/football/players/6725.png',NULL,20,2),(932,9963,'J. Gómez','Jonatan David','Gómez',36,'Argentina','171 cm','71 kg','https://media.api-sports.io/football/players/9963.png',NULL,20,2),(933,48479,'L. Mosevich','Julio Leonel','Mosevich',28,'Argentina','185 cm','81 kg','https://media.api-sports.io/football/players/48479.png',NULL,20,3),(934,58478,'M. Coronel','Mateo Agustín','Coronel',27,'Argentina','172 cm','70 kg','https://media.api-sports.io/football/players/58478.png',NULL,20,1),(935,128568,'L. Ambrogio','Lucas Martín','Ambrogio',26,'Argentina','181 cm','72 kg','https://media.api-sports.io/football/players/128568.png',NULL,20,1),(936,170077,'T. Nuss','Thiago Thomas','Nuss',24,'Argentina','166 cm','68 kg','https://media.api-sports.io/football/players/170077.png',NULL,20,1),(937,306545,'J. Cabrera','Juan Manuel','Cabrera',25,'Argentina','180 cm','74 kg','https://media.api-sports.io/football/players/306545.png',NULL,20,3),(938,306548,'M. Galarza','Matías Alejandro','Galarza',23,'Argentina','180 cm','75 kg','https://media.api-sports.io/football/players/306548.png',NULL,20,2),(939,5242,'F. Mater','Facundo Leonel','Mater',27,'Argentina','164 cm','64 kg','https://media.api-sports.io/football/players/5242.png',NULL,20,2),(940,5967,'K. Mac Allister','Kevin','Mac Allister',28,'Argentina','175 cm','72 kg','https://media.api-sports.io/football/players/5967.png',NULL,20,3),(941,6699,'F. Lanzillota','Federico Vicente','Lanzillota',33,'Argentina','184 cm','80 kg','https://media.api-sports.io/football/players/6699.png',NULL,20,4),(942,6714,'F. González','Francisco','González Metilli',28,'Argentina','178 cm','70 kg','https://media.api-sports.io/football/players/6714.png',NULL,20,2),(943,6737,'G. Verón','Gastón Nicolás','Verón',24,'Argentina','184 cm','82 kg','https://media.api-sports.io/football/players/6737.png',NULL,20,1),(944,13450,'J. Campaña','Johan Camilo','Campaña Barrera',23,'Colombia','170 cm','66 kg','https://media.api-sports.io/football/players/13450.png',NULL,20,1),(945,39805,'E. Herrera','Emanuel','Herrera',38,'Argentina','183 cm','87 kg','https://media.api-sports.io/football/players/39805.png',NULL,20,1),(946,68014,'G. Florentín','César Gabriel','Florentín',26,'Argentina','173 cm','70 kg','https://media.api-sports.io/football/players/68014.png',NULL,20,2),(947,195763,'M. Acosta','Miguel Ángel','Acosta',24,'Argentina','189 cm','80 kg','https://media.api-sports.io/football/players/195763.png',NULL,20,4),(948,289466,'M. Di Cesare','Marco Genaro','Di Cesare',23,'Argentina','186 cm','86 kg','https://media.api-sports.io/football/players/289466.png',NULL,20,3),(949,306543,'R. Vega','Román Gabriel','Vega',21,'Argentina','177 cm','74 kg','https://media.api-sports.io/football/players/306543.png',NULL,20,3),(950,306547,'M. Lugo','Matías Gonzalo','Lugo',24,'Argentina','170 cm','65 kg','https://media.api-sports.io/football/players/306547.png',NULL,20,2),(951,306549,'L. Ovando','Lautaro Nahuel','Ovando',22,'Argentina','172 cm','72 kg','https://media.api-sports.io/football/players/306549.png',NULL,20,1),(952,311345,'F. Redondo','Federico','Redondo Solari',22,'Argentina','188 cm','78 kg','https://media.api-sports.io/football/players/311345.png',NULL,20,2),(953,311347,'M. Perelló','Matías Mijail','Perello',24,'Argentina','165 cm','65 kg','https://media.api-sports.io/football/players/311347.png',NULL,20,1),(954,5186,'N. Miracco','Nicolás Juan Gabriel','Miracco',34,'Argentina','182 cm','79 kg','https://media.api-sports.io/football/players/5186.png',NULL,21,1),(955,5204,'A. Antilef','Alejo','Antilef',27,'Argentina','169 cm','66 kg','https://media.api-sports.io/football/players/5204.png',NULL,21,2),(956,5212,'J. Soraire','Jesús Miguel','Soraire',37,'Argentina','175 cm','75 kg','https://media.api-sports.io/football/players/5212.png',NULL,26,2),(957,5220,'F. Pons','Facundo Eduardo','Pons',30,'Argentina','195 cm','85 kg','https://media.api-sports.io/football/players/5220.png',NULL,21,1),(958,6130,'N. Mazzola','Nicolás Mario','Mazzola',35,'Argentina','186 cm','81 kg','https://media.api-sports.io/football/players/6130.png',NULL,21,1),(959,6395,'D. Sappa','Claudio Daniel','Sappa',30,'Argentina','193 cm','90 kg','https://media.api-sports.io/football/players/6395.png',NULL,21,4),(960,6414,'L. Albertengo','Lucas Gabriel','Albertengo',34,'Argentina','178 cm','73 kg','https://media.api-sports.io/football/players/6414.png',NULL,21,1),(961,129873,'H. Igarzábal','Héctor Horacio','Igarzábal',25,'Argentina','187 cm','79 kg','https://media.api-sports.io/football/players/129873.png',NULL,21,3),(962,129875,'F. Kruspzky','Facundo Daniel','Kruspzky',23,'Argentina','181 cm','74 kg','https://media.api-sports.io/football/players/129875.png',NULL,21,1),(963,169964,'G. Mansilla','Gastón Ezequiel','Mansilla',28,'Argentina',NULL,NULL,'https://media.api-sports.io/football/players/169964.png',NULL,21,2),(964,289419,'D. Barbera','Darío Ezequiel','Barbera',23,'Argentina','184 cm','82 kg','https://media.api-sports.io/football/players/289419.png',NULL,21,4),(965,289420,'I. Gariglio','Ignacio','Gariglio',27,'Argentina','189 cm','82 kg','https://media.api-sports.io/football/players/289420.png',NULL,21,3),(966,289422,'T. Magnano','Tomás','Magnano',25,'Argentina',NULL,NULL,'https://media.api-sports.io/football/players/289422.png',NULL,21,2),(967,291782,'B. Báez','Bruno','Báez Panero',25,'Argentina','187 cm','80 kg','https://media.api-sports.io/football/players/291782.png',NULL,21,1),(968,294532,'M. Rogoski','Maximiliano Juan','Rogoski',31,'Argentina','171 cm','72 kg','https://media.api-sports.io/football/players/294532.png',NULL,21,2),(969,311348,'F. Martínez','Franco Sergio','Martínez',23,'Argentina','182 cm','78 kg','https://media.api-sports.io/football/players/311348.png',NULL,21,3),(970,311351,'T. Bugallo','Tomás','Bugallo',25,'Argentina','176 cm','69 kg','https://media.api-sports.io/football/players/311351.png',NULL,21,2),(971,337831,'A. Maciel','Agustin','Maciel',24,'Argentina',NULL,NULL,'https://media.api-sports.io/football/players/337831.png',NULL,21,2),(972,348086,'A. Carrión','Axel Julián','Carrión',21,'Argentina','192 cm',NULL,'https://media.api-sports.io/football/players/348086.png',NULL,21,3),(973,5172,'N. Castro','Nicolás Eduardo','Castro',35,'Argentina','181 cm','79 kg','https://media.api-sports.io/football/players/5172.png',NULL,21,2),(974,5195,'U. Abreliano','Marcos Ulises','Abreliano',27,'Argentina','171 cm','69 kg','https://media.api-sports.io/football/players/5195.png',NULL,21,3),(975,5196,'M. Carabajal','Mateo','Carabajal',28,'Argentina','181 cm','76 kg','https://media.api-sports.io/football/players/5196.png',NULL,21,3),(976,5209,'E. Méndez','Emiliano Jorge Rubén','Méndez',36,'Argentina','184 cm','93 kg','https://media.api-sports.io/football/players/5209.png',NULL,21,2),(977,5210,'L. Necul','Lucas Misael','Necul',26,'Argentina','172 cm','71 kg','https://media.api-sports.io/football/players/5210.png',NULL,21,2),(978,5211,'L. Picco','Leonel Marcelo','Picco',27,'Argentina','192 cm','84 kg','https://media.api-sports.io/football/players/5211.png',NULL,21,2),(979,5376,'J. Navas','Julián Alejandro','Navas',32,'Argentina','182 cm','76 kg','https://media.api-sports.io/football/players/5376.png',NULL,21,3),(980,5631,'G. Suso','Gastón','Suso',34,'Argentina','190 cm','82 kg','https://media.api-sports.io/football/players/5631.png',NULL,21,3),(981,6288,'A. Ruiz','Alan Nahuel','Ruiz',32,'Argentina','183 cm','78 kg','https://media.api-sports.io/football/players/6288.png',NULL,21,2),(982,58393,'R. Ramírez','Rodrigo Nicolás','Ramírez',25,'Argentina','173 cm','68 kg','https://media.api-sports.io/football/players/58393.png',NULL,21,3),(983,58409,'A. Medina','Alejandro Gabriel','Medina',39,'Argentina','181 cm','79 kg','https://media.api-sports.io/football/players/58409.png',NULL,21,4),(984,74806,'R. Luna','Ramiro Braian','Luna',30,'Argentina','180 cm','82 kg','https://media.api-sports.io/football/players/74806.png',NULL,21,2),(985,129876,'R. Balbuena','Ramiro Agustín','Balbuena Chamorro',25,'Argentina',NULL,NULL,'https://media.api-sports.io/football/players/129876.png',NULL,21,2),(986,270191,'M. Belloso','Matías Luis','Belloso',25,'Argentina','175 cm','74 kg','https://media.api-sports.io/football/players/270191.png',NULL,21,1),(987,297227,'J. Denis','Jeremías Hernán','Denis',24,'Argentina','179 cm','70 kg','https://media.api-sports.io/football/players/297227.png',NULL,21,2),(988,304862,'Tomás Ricardo Rodrigo Silva','Tomás Ricardo Rodrigo','Silva',24,'Argentina',NULL,NULL,'https://media.api-sports.io/football/players/304862.png',NULL,21,1),(989,311352,'G. Muscia','Gonzalo Emanuel','Muscia',25,'Argentina','181 cm','78 kg','https://media.api-sports.io/football/players/311352.png',NULL,21,2),(990,311354,'J. Peinipil','Juan Ignacio','Peinipil',23,'Argentina','180 cm','76 kg','https://media.api-sports.io/football/players/311354.png',NULL,21,1),(991,6279,'D. Miloc','Dardo Federico','Miloc',35,'Argentina','177 cm',NULL,'https://media.api-sports.io/football/players/6279.png',NULL,21,2),(992,58577,'G. Benavídez','Gastón Américo','Benavídez',30,'Argentina','175 cm','72 kg','https://media.api-sports.io/football/players/58577.png',NULL,21,3),(993,58581,'L. Suárez','Lucas Matías','Suárez Scalarea',30,'Argentina','184 cm','81 kg','https://media.api-sports.io/football/players/58581.png',NULL,21,3),(994,58591,'B. Sepúlveda','Bruno Christian','Sepúlveda',33,'Argentina','188 cm','82 kg','https://media.api-sports.io/football/players/58591.png',NULL,21,1),(995,296493,'J. Pombo','Joaquín','Pombo Steinberger',24,'Argentina','192 cm','84 kg','https://media.api-sports.io/football/players/296493.png',NULL,21,3),(996,311353,'E. Viveros','Emiliano Sebastián','Viveros Mereles',23,'Argentina','178 cm','70 kg','https://media.api-sports.io/football/players/311353.png',NULL,21,2),(997,349487,'L. Bursich','Lautaro','Bursich',23,'Argentina','195 cm','80 kg','https://media.api-sports.io/football/players/349487.png',NULL,21,4),(998,5906,'A. Donatti','Alejandro César','Donatti',38,'Argentina','191 cm','75 kg','https://media.api-sports.io/football/players/5906.png',NULL,22,3),(999,6310,'J. Elías','Jalil Juan José','Elías',29,'Argentina','173 cm','73 kg','https://media.api-sports.io/football/players/6310.png',NULL,22,2),(1000,6609,'V. Salazar','Víctor Ezequiel','Salazar',32,'Argentina','170 cm','67 kg','https://media.api-sports.io/football/players/6609.png',NULL,22,3),(1001,6622,'M. Palacios','Matías Damián','Palacios',23,'Argentina','173 cm','75 kg','https://media.api-sports.io/football/players/6622.png',NULL,22,2),(1002,35695,'D. Rodríguez','Diego Martín','Rodríguez Berrini',36,'Uruguay','170 cm','71 kg','https://media.api-sports.io/football/players/35695.png',NULL,22,2),(1003,47552,'F. Di Santo','Franco Matías','Di Santo',35,'Argentina','193 cm','88 kg','https://media.api-sports.io/football/players/47552.png',NULL,22,1),(1004,51245,'L. Melano','Lucas Santiago','Melano',32,'Argentina','185 cm','72 kg','https://media.api-sports.io/football/players/51245.png',NULL,26,1),(1005,68891,'V. Correa','Vanina Noemí','Correa',41,'Argentina','180 cm','71 kg','https://media.api-sports.io/football/players/68891.png',NULL,22,4),(1006,194896,'R. Lucero','Rufino','Lucero',23,'Argentina','174 cm','64 kg','https://media.api-sports.io/football/players/194896.png',NULL,23,3),(1007,194897,'A. Peralta','Guillermo Agustín','Peralta Bauer',24,'Argentina','167 cm','62 kg','https://media.api-sports.io/football/players/194897.png',NULL,22,3),(1008,194902,'M. Peralta','Mariano Ezequiel','Peralta Bauer',27,'Argentina','180 cm','75 kg','https://media.api-sports.io/football/players/194902.png',NULL,22,1),(1009,306708,'M. Suica','Mauricio Facundo Tomás','Suica',20,'Argentina','167 cm','67 kg','https://media.api-sports.io/football/players/306708.png',NULL,22,2),(1010,311319,'B. García','Benjamín','García Ceriani',25,'Argentina','174 cm','73 kg','https://media.api-sports.io/football/players/311319.png',NULL,22,2),(1011,311322,'Matías Agustín Sosa','Matías Agustín','Sosa',25,'Argentina','185 cm','73 kg','https://media.api-sports.io/football/players/311322.png',NULL,22,2),(1012,311323,'E. García','Eduardo','García',24,'Argentina','172 cm','78 kg','https://media.api-sports.io/football/players/311323.png',NULL,22,1),(1013,346273,'I. Leguizamón','Iván Ezequiel','Leguizamón',23,'Argentina','175 cm','73 kg','https://media.api-sports.io/football/players/346273.png',NULL,22,2),(1014,348105,'M. Pereyra','Maricel','Pereyra',23,'Argentina','160 cm','55 kg','https://media.api-sports.io/football/players/348105.png',NULL,22,2),(1015,463685,'F. Salazar','Florencia Elizabeth','Salazar',31,'Argentina','165 cm','61 kg','https://media.api-sports.io/football/players/463685.png',NULL,22,3),(1016,474808,'M. Vargas','Milagros Soledad','Vargas',24,'Argentina','164 cm','51 kg','https://media.api-sports.io/football/players/474808.png',NULL,22,3),(1017,2515,'Ó. Romero','Óscar David','Romero Villamayor',33,'Paraguay','176 cm','73 kg','https://media.api-sports.io/football/players/2515.png',NULL,22,2),(1018,2521,'Á. Romero','Ángel Rodrigo','Romero Villamayor',33,'Paraguay','175 cm','72 kg','https://media.api-sports.io/football/players/2521.png',NULL,22,1),(1019,6095,'E. Cerutti','Ezequiel Osvaldo','Cerutti',33,'Argentina','179 cm','75 kg','https://media.api-sports.io/football/players/6095.png',NULL,22,1),(1020,6596,'L. López','Lautaro Mario Nahuel','López Kaleniuk',24,'Argentina','191 cm','82 kg','https://media.api-sports.io/football/players/6596.png',NULL,22,4),(1021,6597,'F. Monetti','Fernando','Monetti',36,'Argentina','184 cm','77 kg','https://media.api-sports.io/football/players/6597.png',NULL,22,4),(1022,6606,'G. Peruzzi','Gino','Peruzzi Lucchetti',33,'Argentina','178 cm','74 kg','https://media.api-sports.io/football/players/6606.png',NULL,22,3),(1023,75414,'N. Fernández Mercau','Nicolás Ezequiel','Fernández Mercau',25,'Argentina','172 cm','71 kg','https://media.api-sports.io/football/players/75414.png',NULL,22,2),(1024,167651,'L. Sequeira','Luis Alberto','Sequeira',22,'Argentina','172 cm','75 kg','https://media.api-sports.io/football/players/167651.png',NULL,22,2),(1025,167652,'J. Palacios','Julián Eduardo','Palacios',26,'Argentina','167 cm','65 kg','https://media.api-sports.io/football/players/167652.png',NULL,22,2),(1026,169978,'J. Porto Lapegüe','Jerónimo José','Porto Lapegüe',24,'Argentina','165 cm','61 kg','https://media.api-sports.io/football/players/169978.png',NULL,22,1),(1027,194894,'F. Rivadeneira','Francisco Antonio','Rivadeneira',25,'Argentina','180 cm','72 kg','https://media.api-sports.io/football/players/194894.png',NULL,22,4),(1028,194895,'F. Flores','Alexis Francisco','Flores',23,'Argentina','182 cm','78 kg','https://media.api-sports.io/football/players/194895.png',NULL,22,3),(1029,289469,'F. Galván','Francisco Ramón Nieves','Galván',26,'Argentina','190 cm','80 kg','https://media.api-sports.io/football/players/289469.png',NULL,22,1),(1030,296835,'E. Godoy','Ezequiel','Godoy',22,'Argentina','172 cm','69 kg','https://media.api-sports.io/football/players/296835.png',NULL,22,2),(1031,306706,'A. Giay','Agustín','Giay',21,'Argentina','180 cm','73 kg','https://media.api-sports.io/football/players/306706.png',NULL,22,3),(1032,311318,'S. Ávalos','Elián Simón','Ávalos García',23,'Argentina','172 cm','68 kg','https://media.api-sports.io/football/players/311318.png',NULL,22,3),(1033,311320,'F. Perruzzi','Francisco','Perruzzi',24,'Argentina','177 cm','70 kg','https://media.api-sports.io/football/players/311320.png',NULL,22,2),(1034,311321,'D. Silva','Dante','Silva',24,'Argentina','171 cm','74 kg','https://media.api-sports.io/football/players/311321.png',NULL,22,2),(1035,348310,'I. Vallejos','Ignacio Damián','Vallejos',24,'Argentina',NULL,NULL,'https://media.api-sports.io/football/players/348310.png',NULL,22,2),(1036,1634,'C. Zapata','Cristián Eduardo','Zapata Valencia',39,'Colombia','187 cm','82 kg','https://media.api-sports.io/football/players/1634.png',NULL,22,3),(1037,5952,'N. Fernández','Nicolás Emanuel','Fernández',29,'Argentina','166 cm','73 kg','https://media.api-sports.io/football/players/5952.png',NULL,22,1),(1038,6110,'B. Pittón','Bruno Alejandro','Pittón',32,'Argentina','179 cm','70 kg','https://media.api-sports.io/football/players/6110.png',NULL,22,3),(1039,6152,'L. Menossi','Lucas Ariel','Menossi',33,'Argentina','165 cm','65 kg','https://media.api-sports.io/football/players/6152.png',NULL,22,2),(1040,6595,'J. Devecchi','José Antonio','Devecchi',30,'Argentina','188 cm','83 kg','https://media.api-sports.io/football/players/6595.png',NULL,23,4),(1041,6608,'G. Rojas','Gabriel Hernán','Rojas',28,'Argentina','178 cm','68 kg','https://media.api-sports.io/football/players/6608.png',NULL,22,3),(1042,6613,'N. Barrios','Cristian Nahuel','Barrios',27,'Argentina','156 cm','61 kg','https://media.api-sports.io/football/players/6613.png',NULL,26,2),(1043,6617,'A. Díaz','Alexander','Díaz',25,'Argentina','172 cm','69 kg','https://media.api-sports.io/football/players/6617.png',NULL,22,1),(1044,13367,'Y. Gordillo','Yeison Stiven','Gordillo Vargas',33,'Colombia','176 cm','73 kg','https://media.api-sports.io/football/players/13367.png',NULL,22,2),(1045,68013,'A. Martegani','Agustín Alberto','Martegani',25,'Argentina','183 cm','74 kg','https://media.api-sports.io/football/players/68013.png',NULL,22,2),(1046,125331,'F. Gattoni','Federico Agustín','Gattoni',26,'Argentina','183 cm','79 kg','https://media.api-sports.io/football/players/125331.png',NULL,22,3),(1047,194900,'A. Sabella','Alexis Amadeo','Sabella',24,'Argentina','178 cm','72 kg','https://media.api-sports.io/football/players/194900.png',NULL,22,2),(1048,194901,'A. Hausch','Agustín','Hausch',22,'Argentina','177 cm','69 kg','https://media.api-sports.io/football/players/194901.png',NULL,22,1),(1049,289468,'S. Rosané','Siro Ignacio','Cabral Rosané',25,'Argentina','177 cm','68 kg','https://media.api-sports.io/football/players/289468.png',NULL,22,2),(1050,306704,'A. Lamosa','Agustín Francisco','Lamosa',24,'Argentina','182 cm','72 kg','https://media.api-sports.io/football/players/306704.png',NULL,22,2),(1051,306705,'G. Luján','Gonzalo','Luján Melli',24,'Argentina','184 cm','82 kg','https://media.api-sports.io/football/players/306705.png',NULL,22,3),(1052,306707,'T. Porra','Tomás Uriel','Porra',21,'Argentina','173 cm','72 kg','https://media.api-sports.io/football/players/306707.png',NULL,22,2),(1053,5943,'F. Cerro','Francisco Javier','Cerro',37,'Argentina','179 cm','75 kg','https://media.api-sports.io/football/players/5943.png',NULL,26,2),(1054,6126,'F. Andrada','Federico Oscar','Andrada',31,'Argentina','180 cm','76 kg','https://media.api-sports.io/football/players/6126.png',NULL,23,1),(1055,6262,'E. Iñíguez','Emanuel','Iñíguez',29,'Argentina','177 cm','74 kg','https://media.api-sports.io/football/players/6262.png',NULL,23,3),(1056,6287,'F. Pérez','Franco Farid','Pérez',26,'Argentina','178 cm','75 kg','https://media.api-sports.io/football/players/6287.png',NULL,23,1),(1057,6404,'J. Schunke','Jonathan Ariel','Schunke',37,'Argentina','193 cm','84 kg','https://media.api-sports.io/football/players/6404.png',NULL,23,3),(1058,6550,'F. Grahl','Francisco Guillermo','Grahl',34,'Argentina','170 cm','68 kg','https://media.api-sports.io/football/players/6550.png',NULL,23,2),(1059,10050,'J. Carli','Mauro Joel','Carli',37,'Argentina','191 cm','89 kg','https://media.api-sports.io/football/players/10050.png',NULL,23,3),(1060,11851,'M. López','Mario Federico','López Quintana',30,'Paraguay','184 cm','81 kg','https://media.api-sports.io/football/players/11851.png',NULL,23,3),(1061,26299,'E. Insúa','Emiliano Adrián','Insúa Zapata',35,'Argentina','180 cm','79 kg','https://media.api-sports.io/football/players/26299.png',NULL,23,3),(1062,39865,'L. Rinaldi','Lautaro Patricio','Rinaldi',32,'Argentina','182 cm','75 kg','https://media.api-sports.io/football/players/39865.png',NULL,23,1),(1063,52701,'M. Miers','Marcos David','Miers',35,'Paraguay','185 cm','81 kg','https://media.api-sports.io/football/players/52701.png',NULL,23,3),(1064,59050,'A. Aranda','Gustavo Alejandro','Aranda',30,'Argentina','167 cm',NULL,'https://media.api-sports.io/football/players/59050.png',NULL,23,1),(1065,129900,'J. Indacoechea','Joaquín','Indacoechea',25,'Argentina','172 cm','71 kg','https://media.api-sports.io/football/players/129900.png',NULL,23,2),(1066,200859,'J. Zárate','Jonathan Gustavo','Zárate',26,'Argentina',NULL,NULL,'https://media.api-sports.io/football/players/200859.png',NULL,23,2),(1067,289485,'S. Lerena','Sebastián Rodrigo','Lerena',22,'Argentina',NULL,NULL,'https://media.api-sports.io/football/players/289485.png',NULL,23,4),(1068,302928,'P. Núñez','Patricio','Núñez',26,'Argentina','178 cm','72 kg','https://media.api-sports.io/football/players/302928.png',NULL,23,2),(1069,321507,'E. Rodríguez','Emiliano','Rodríguez',23,'Argentina',NULL,NULL,'https://media.api-sports.io/football/players/321507.png',NULL,23,2),(1070,339135,'J. De Marco','Joel Emiliano','De Marco',22,'Argentina','176 cm','64 kg','https://media.api-sports.io/football/players/339135.png',NULL,23,2),(1071,6211,'G. Lodico','Gastón Andrés','Lodico',27,'Argentina','173 cm','63 kg','https://media.api-sports.io/football/players/6211.png',NULL,23,2),(1072,6212,'L. Maciel','Leandro Isaac','Maciel',30,'Argentina','177 cm','70 kg','https://media.api-sports.io/football/players/6212.png',NULL,23,2),(1073,6256,'L. Ingolotti','Luis Ignacio','Ingolotti',25,'Argentina','184 cm','74 kg','https://media.api-sports.io/football/players/6256.png',NULL,23,4),(1074,6269,'F. Gino','Federico Gino','Acevedo Fagúndez',32,'Uruguay','173 cm','74 kg','https://media.api-sports.io/football/players/6269.png',NULL,23,2),(1075,6277,'J. Iritier','Javier Eduardo','Iritier',31,'Argentina','169 cm',NULL,'https://media.api-sports.io/football/players/6277.png',NULL,23,2),(1076,6285,'N. Yeri','Mariano Nahuel','Yeri',34,'Argentina','174 cm','81 kg','https://media.api-sports.io/football/players/6285.png',NULL,23,3),(1077,6537,'F. Milo','Federico Emanuel','Milo',33,'Argentina','183 cm','72 kg','https://media.api-sports.io/football/players/6537.png',NULL,23,3),(1078,26735,'E. Insúa','Emanuel Mariano','Insúa Zapata',34,'Argentina','182 cm','81 kg','https://media.api-sports.io/football/players/26735.png',NULL,23,3),(1079,59049,'M. Villarreal','Matías Raúl','Villarreal',33,'Argentina','179 cm','76 kg','https://media.api-sports.io/football/players/59049.png',NULL,23,2),(1080,76122,'L. Guzmán','Brian Lautaro','Guzmán',25,'Argentina','173 cm','64 kg','https://media.api-sports.io/football/players/76122.png',NULL,23,1),(1081,106358,'F. Perinciolo','Franco Alejandro','Perinciolo',28,'Argentina',NULL,NULL,'https://media.api-sports.io/football/players/106358.png',NULL,23,2),(1082,113946,'J. Zacaría','Jonathan Fabián','Zacaría',35,'Argentina',NULL,NULL,'https://media.api-sports.io/football/players/113946.png',NULL,23,1),(1083,152779,'F. Tobares','Facundo Agustín','Tobares',25,'Argentina',NULL,NULL,'https://media.api-sports.io/football/players/152779.png',NULL,23,1),(1084,288722,'K. Benítez','Kevin Agustín','Benítez',23,'Argentina','175 cm','68 kg','https://media.api-sports.io/football/players/288722.png',NULL,23,2),(1085,289486,'U. Ramírez','Uriel Matías','Ramírez Kloster',26,'Argentina','189 cm','78 kg','https://media.api-sports.io/football/players/289486.png',NULL,23,1),(1086,289487,'M. Panaro','Manuel','Panaro Miramon',23,'Argentina','181 cm','75 kg','https://media.api-sports.io/football/players/289487.png',NULL,23,1),(1087,302927,'F. Ortellado','Franco Tomás','Ortellado',24,'Argentina','188 cm','83 kg','https://media.api-sports.io/football/players/302927.png',NULL,23,3),(1088,321742,'M. Morello','Matías','Morello',24,'Argentina','185 cm','76 kg','https://media.api-sports.io/football/players/321742.png',NULL,23,3),(1089,5791,'M. Braida','Malcom Nahuel','Braida',28,'Argentina','175 cm','70 kg','https://media.api-sports.io/football/players/5791.png',NULL,23,2),(1090,6474,'G. Gil Romero','Gastón Ignacio','Gil Romero',32,'Argentina','177 cm','79 kg','https://media.api-sports.io/football/players/6474.png',NULL,23,2),(1091,16265,'L. Di Yorio','Lucas Gabriel','Di Yorio',29,'Argentina','190 cm','70 kg','https://media.api-sports.io/football/players/16265.png',NULL,23,1),(1092,95594,'F. Román','Fernando Aurelio','Román Villalba',27,'Paraguay','180 cm','76 kg','https://media.api-sports.io/football/players/95594.png',NULL,23,3),(1093,302996,'S. Laquidaín','Santiago','Laquidaín',24,'Argentina','184 cm',NULL,'https://media.api-sports.io/football/players/302996.png',NULL,23,3),(1094,5162,'F. Castet','Facundo','Castet',27,'Argentina',NULL,NULL,'https://media.api-sports.io/football/players/5162.png',NULL,24,3),(1095,5170,'F. Antonini','Fermín','Antonini',28,'Argentina','179 cm','73 kg','https://media.api-sports.io/football/players/5170.png',NULL,24,2),(1096,5173,'J. Cavigilia','Juan María','Caviglia',28,'Argentina',NULL,NULL,'https://media.api-sports.io/football/players/5173.png',NULL,24,2),(1097,5176,'Y. Garnier','Luis Yamil','Garnier',42,'Argentina',NULL,NULL,'https://media.api-sports.io/football/players/5176.png',NULL,24,2),(1098,5189,'S. Quiroga','Sergio Alejandro','Quiroga Gabutti',31,'Argentina','162 cm','62 kg','https://media.api-sports.io/football/players/5189.png',NULL,24,1),(1099,5284,'J. Torres','Jonathán Gabriel','Torres',29,'Argentina','180 cm','80 kg','https://media.api-sports.io/football/players/5284.png',NULL,24,1),(1100,6034,'G. Núñez','Gervasio Daniel','Núñez',37,'Argentina','180 cm',NULL,'https://media.api-sports.io/football/players/6034.png',NULL,24,2),(1101,6035,'C. Pombo','Claudio Martín','Pombo',31,'Argentina',NULL,NULL,'https://media.api-sports.io/football/players/6035.png',NULL,24,2),(1102,6172,'F. Mancinelli','Federico','Mancinelli',43,'Argentina','181 cm','79 kg','https://media.api-sports.io/football/players/6172.png',NULL,24,3),(1103,6396,'N. Bazzana','Nicolás','Bazzana',29,'Argentina','183 cm','81 kg','https://media.api-sports.io/football/players/6396.png',NULL,24,2),(1104,6568,'M. Herrera','Luis Marcelo','Herrera',33,'Argentina','182 cm','82 kg','https://media.api-sports.io/football/players/6568.png',NULL,24,3),(1105,11985,'N. Nocetti','Alexis Nicolás','Nocetti',25,'Argentina',NULL,NULL,'https://media.api-sports.io/football/players/11985.png',NULL,24,4),(1106,16540,'E. Montaño','Edson Eli','Montaño Angulo',34,'Ecuador','187 cm','78 kg','https://media.api-sports.io/football/players/16540.png',NULL,24,1),(1107,58775,'F. Molina','Francisco Nahuel','Molina',35,'Argentina','178 cm','75 kg','https://media.api-sports.io/football/players/58775.png',NULL,24,2),(1108,59206,'F. Ferrero','Facundo','Ferrero',29,'Argentina',NULL,NULL,'https://media.api-sports.io/football/players/59206.png',NULL,24,4),(1109,59214,'M. Molina','Pablo Matías Daniel','Molina',31,'Argentina','181 cm','76 kg','https://media.api-sports.io/football/players/59214.png',NULL,24,3),(1110,292858,'E. Lescano','Erik Agustín','Lescano',27,'Argentina','164 cm','58 kg','https://media.api-sports.io/football/players/292858.png',NULL,24,2),(1111,295465,'B. Liuzzi','Bruno Enzo','Liuzzi',25,'Argentina',NULL,NULL,'https://media.api-sports.io/football/players/295465.png',NULL,24,2),(1112,302930,'M. Moyano','Santiago Martín','Moyano',24,'Argentina',NULL,NULL,'https://media.api-sports.io/football/players/302930.png',NULL,24,4),(1113,5163,'M. García','Martín','García',27,'Argentina',NULL,NULL,'https://media.api-sports.io/football/players/5163.png',NULL,24,3),(1114,5167,'L. Puñet','Laureano Damián','Puñet',26,'Argentina','170 cm','68 kg','https://media.api-sports.io/football/players/5167.png',NULL,24,3),(1115,5171,'J. Antonini','Juan','Antonini',26,'Argentina',NULL,NULL,'https://media.api-sports.io/football/players/5171.png',NULL,24,3),(1116,5183,'B. Borasi','Benjamín','Borasi',28,'Argentina','170 cm',NULL,'https://media.api-sports.io/football/players/5183.png',NULL,24,2),(1117,5724,'F. Rasmussen','Federico','Rasmussen',33,'Argentina','191 cm','82 kg','https://media.api-sports.io/football/players/5724.png',NULL,24,3),(1118,6072,'R. Salinas','Rodrigo Javier','Salinas',39,'Argentina','191 cm','83 kg','https://media.api-sports.io/football/players/6072.png',NULL,24,1),(1119,6470,'F. Bravo','Federico','Bravo',32,'Argentina','185 cm','77 kg','https://media.api-sports.io/football/players/6470.png',NULL,24,2),(1120,6720,'F. Montero','Fausto Emanuel','Montero',37,'Argentina','178 cm','72 kg','https://media.api-sports.io/football/players/6720.png',NULL,24,2),(1121,11751,'G. Vadalá','Guido Nahuel','Vadalá',28,'Italy','168 cm','68 kg','https://media.api-sports.io/football/players/11751.png',NULL,24,1),(1122,58607,'Y. Arismendi','Yair Ezequiel','Arismendi',27,'Argentina',NULL,NULL,'https://media.api-sports.io/football/players/58607.png',NULL,24,2),(1123,59357,'B. Sánchez','Braian Emmanuel','Sánchez',32,'Argentina',NULL,NULL,'https://media.api-sports.io/football/players/59357.png',NULL,24,2),(1124,129998,'B. Salvareschi','Braian Javier','Salvareschi',26,'Argentina','183 cm',NULL,'https://media.api-sports.io/football/players/129998.png',NULL,24,3),(1125,294605,'J. Gho','Joaquín','Gho',22,'Argentina',NULL,NULL,'https://media.api-sports.io/football/players/294605.png',NULL,24,2),(1126,304377,'J. Tomino','José Ignacio','Tomino',26,'Argentina','181 cm','75 kg','https://media.api-sports.io/football/players/304377.png',NULL,24,3),(1127,304378,'M. García','Manuel','García',26,'Argentina',NULL,NULL,'https://media.api-sports.io/football/players/304378.png',NULL,24,2),(1128,313080,'F. Paradela','Federico','Paradela',24,'Argentina',NULL,NULL,'https://media.api-sports.io/football/players/313080.png',NULL,24,2),(1129,5161,'M. Vicentini','Manuel Matías','Vicentini',35,'Argentina','182 cm','70 kg','https://media.api-sports.io/football/players/5161.png',NULL,24,4),(1130,5184,'J. Brea','Julián','Brea',26,'Argentina',NULL,NULL,'https://media.api-sports.io/football/players/5184.png',NULL,24,1),(1131,5760,'G. Graciani','Gabriel Maximiliano','Graciani',32,'Argentina','180 cm','75 kg','https://media.api-sports.io/football/players/5760.png',NULL,24,1),(1132,5842,'L. Montoya','Lautaro Oscar','Montoya',31,'Argentina','180 cm','70 kg','https://media.api-sports.io/football/players/5842.png',NULL,24,3),(1133,6577,'G. Alanís','Gabriel Gustavo','Alanís',31,'Argentina','189 cm','80 kg','https://media.api-sports.io/football/players/6577.png',NULL,24,2),(1134,265909,'L. Gondou','Luciano Emilio','Gondou Zanelli',24,'Argentina','189 cm','75 kg','https://media.api-sports.io/football/players/265909.png',NULL,24,1),(1135,5304,'H. Lamberti','Hernán Agustín','Lamberti',40,'Argentina','172 cm','70 kg','https://media.api-sports.io/football/players/5304.png',NULL,25,2),(1136,5309,'F. Curuchet','Facundo Nicolás','Curuchet',35,'Argentina','175 cm','69 kg','https://media.api-sports.io/football/players/5309.png',NULL,25,1),(1137,5667,'B. Lluy','Brian Emanuel','Lluy',36,'Argentina','169 cm','68 kg','https://media.api-sports.io/football/players/5667.png',NULL,25,3),(1138,6220,'J. Sinisterra','José Luis','Sinisterra Castillo',27,'Colombia','172 cm','76 kg','https://media.api-sports.io/football/players/6220.png',NULL,25,1),(1139,6334,'S. Callegari','Stefano','Callegari',28,'Argentina','188 cm','82 kg','https://media.api-sports.io/football/players/6334.png',NULL,25,3),(1140,6373,'N. Bertolo','Nicolás Santiago','Bertolo',39,'Argentina','179 cm','75 kg','https://media.api-sports.io/football/players/6373.png',NULL,25,2),(1141,6543,'M. Bogado','Mauro Ezequiel','Bogado',40,'Argentina','170 cm','68 kg','https://media.api-sports.io/football/players/6543.png',NULL,25,2),(1142,11529,'F. Cardozo','Facundo Omar','Cardozo',30,'Argentina','178 cm','75 kg','https://media.api-sports.io/football/players/11529.png',NULL,25,3),(1143,36427,'L. Ojeda','Luis Alberto','Ojeda',35,'Argentina','183 cm','83 kg','https://media.api-sports.io/football/players/36427.png',NULL,25,4),(1144,51400,'A. Messidoro','Alexis Nahuel','Messidoro',28,'Argentina','169 cm','72 kg','https://media.api-sports.io/football/players/51400.png',NULL,25,2),(1145,136248,'P. Pérez','Patricio Damián','Pérez',25,'Argentina','175 cm','72 kg','https://media.api-sports.io/football/players/136248.png',NULL,25,2),(1146,145946,'I. Puleio','Ian','Puleio Araya',27,'Argentina',NULL,NULL,'https://media.api-sports.io/football/players/145946.png',NULL,25,1),(1147,294601,'N. Zeineddin','Nadir Hassan','Zeineddin',25,'Argentina',NULL,NULL,'https://media.api-sports.io/football/players/294601.png',NULL,25,1),(1148,304247,'A. Alcorcel','Augusto Lucas','Alcorcel',25,'Argentina',NULL,NULL,'https://media.api-sports.io/football/players/304247.png',NULL,25,4),(1149,304248,'F. Russo','Facundo','Russo',25,'Argentina',NULL,NULL,'https://media.api-sports.io/football/players/304248.png',NULL,25,2),(1150,328156,'B. Barbas','Brandon Agustín','Barbas',24,'Argentina',NULL,NULL,'https://media.api-sports.io/football/players/328156.png',NULL,25,2),(1151,5288,'A. Desábato','Andrés Alberto','Desábato',35,'Argentina','183 cm','79 kg','https://media.api-sports.io/football/players/5288.png',NULL,25,4),(1152,5291,'J. Infante','Juan José','Infante',29,'Argentina',NULL,NULL,'https://media.api-sports.io/football/players/5291.png',NULL,25,3),(1153,5292,'N. Iribarren','Nahuel Nicolás','Iribarren',37,'Argentina','182 cm','80 kg','https://media.api-sports.io/football/players/5292.png',NULL,25,3),(1154,5396,'M. Tissera','Matías','Fabián Tissera',29,'Argentina','174 cm','72 kg','https://media.api-sports.io/football/players/5396.png',NULL,25,1),(1155,5632,'N. Zalazar','Nicolás Mauricio','Zalazar',28,'Argentina','182 cm','83 kg','https://media.api-sports.io/football/players/5632.png',NULL,25,3),(1156,6062,'C. Núñez','Cristian David','Núñez Morales',28,'Paraguay','168 cm','69 kg','https://media.api-sports.io/football/players/6062.png',NULL,25,2),(1157,6505,'Luciano Leonel Recalde','Luciano Leonel','Recalde',30,'Argentina','185 cm','80 kg','https://media.api-sports.io/football/players/6505.png',NULL,25,3),(1158,6731,'F. Ilarregui','Francisco','Ilarregui',28,'Argentina','178 cm','74 kg','https://media.api-sports.io/football/players/6731.png',NULL,25,1),(1159,58770,'R. Bochi','Roberto Agustín','Bochi',38,'Argentina','175 cm','68 kg','https://media.api-sports.io/football/players/58770.png',NULL,25,2),(1160,129986,'S. Marcich','Sasha Julián','Marcich',27,'Argentina',NULL,NULL,'https://media.api-sports.io/football/players/129986.png',NULL,25,3),(1161,158570,'L. Giménez','Lucas Cristian','Giménez',26,'Argentina',NULL,NULL,'https://media.api-sports.io/football/players/158570.png',NULL,25,2),(1162,201828,'P. Gerzel','Pablo Gastón','Gerzel',25,'Argentina','172 cm','67 kg','https://media.api-sports.io/football/players/201828.png',NULL,25,1),(1163,206984,'T. Palacios','Tiago Asael','Palacios',24,'Argentina','168 cm','68 kg','https://media.api-sports.io/football/players/206984.png',NULL,25,2),(1164,212842,'Marco Pellegrino','Marco','Pellegrino',23,'Argentina','184 cm','79 kg','https://media.api-sports.io/football/players/212842.png',NULL,25,3),(1165,292875,'I. Schor','Ignacio','Schor',25,'Argentina',NULL,NULL,'https://media.api-sports.io/football/players/292875.png',NULL,25,1),(1166,5297,'F. Baldassarra','Franco Pedro','Baldassarra',27,'Argentina','178 cm',NULL,'https://media.api-sports.io/football/players/5297.png',NULL,25,2),(1167,6448,'B. Mansilla','Brian Ezequiel','Mansilla',28,'Argentina','180 cm','78 kg','https://media.api-sports.io/football/players/6448.png',NULL,25,1),(1168,65705,'J. Pereyra','Jorge Rolando','Pereyra Díaz',35,'Argentina','172 cm','71 kg','https://media.api-sports.io/football/players/65705.png',NULL,25,1),(1169,5317,'C. Taborda','César Omar','Taborda',41,'Argentina','189 cm','87 kg','https://media.api-sports.io/football/players/5317.png',NULL,26,4),(1170,5325,'H. Vera Oviedo','Hugo Ismael','Vera Oviedo',34,'Paraguay','187 cm','75 kg','https://media.api-sports.io/football/players/5325.png',NULL,26,3),(1171,5330,'A. Pinto','Axel','Pinto',25,'Argentina','168 cm','57 kg','https://media.api-sports.io/football/players/5330.png',NULL,26,2),(1172,5334,'P. Barraza','Pablo Agustín','Barraza',24,'Argentina',NULL,NULL,'https://media.api-sports.io/football/players/5334.png',NULL,26,2),(1173,5810,'A. Maciel','Alejandro Ramón','Maciel',28,'Argentina','183 cm','87 kg','https://media.api-sports.io/football/players/5810.png',NULL,26,3),(1174,6027,'F. Sbuttoni','Franco','Sbuttoni',36,'Argentina','190 cm','87 kg','https://media.api-sports.io/football/players/6027.png',NULL,26,3),(1175,6218,'S. Ribas','Sebastián César Helios','Ribas Barbato',37,'Uruguay','189 cm','86 kg','https://media.api-sports.io/football/players/6218.png',NULL,26,1),(1176,6527,'C. Riaño','Claudio Maximiliano','Riaño',36,'Argentina','179 cm','80 kg','https://media.api-sports.io/football/players/6527.png',NULL,26,1),(1177,6624,'A. Rojas','Ariel Mauricio','Rojas',38,'Argentina','175 cm','81 kg','https://media.api-sports.io/football/players/6624.png',NULL,26,2),(1178,13619,'M. Mier','Henry Matías','Mier Codina',35,'Uruguay','181 cm','79 kg','https://media.api-sports.io/football/players/13619.png',NULL,26,2),(1179,13804,'D. Rentería','Dixon Stiven','Rentería Mosquera',30,'Colombia','180 cm','75 kg','https://media.api-sports.io/football/players/13804.png',NULL,26,3),(1180,51389,'L. Arzamendia','Lucas Nahuel','Arzamendia Fleita',26,'Argentina','179 cm',NULL,'https://media.api-sports.io/football/players/51389.png',NULL,26,3),(1181,59005,'A. Argañaraz','Pablo Abel','Argañaraz Paradi',27,'Argentina','173 cm','69 kg','https://media.api-sports.io/football/players/59005.png',NULL,26,1),(1182,169885,'A. Gallo','Agustín Tomás','Gallo',26,'Argentina','196 cm','88 kg','https://media.api-sports.io/football/players/169885.png',NULL,26,1),(1183,289437,'I. Serrano','Iván Eduardo','Serrano',26,'Argentina',NULL,NULL,'https://media.api-sports.io/football/players/289437.png',NULL,26,3),(1184,312107,'J. Meza','Jorge Daniel','Meza',24,'Argentina','183 cm','78 kg','https://media.api-sports.io/football/players/312107.png',NULL,26,2),(1185,5318,'J. Bay','Aníbal Jonathan Gastón','Bay',32,'Argentina','179 cm','78 kg','https://media.api-sports.io/football/players/5318.png',NULL,26,3),(1186,5326,'M. Barraza','Mauro Alejandro','Barraza',29,'Argentina',NULL,NULL,'https://media.api-sports.io/football/players/5326.png',NULL,26,2),(1187,5839,'J. González','Juan Cruz','González',29,'Argentina','171 cm','65 kg','https://media.api-sports.io/football/players/5839.png',NULL,26,3),(1188,6018,'A. Sánchez','Alejandro Miguel','Sánchez',39,'Argentina','188 cm',NULL,'https://media.api-sports.io/football/players/6018.png',NULL,26,4),(1189,6274,'J. Galeano','Juan Daniel','Galeano',36,'Argentina',NULL,NULL,'https://media.api-sports.io/football/players/6274.png',NULL,26,2),(1190,6416,'C. Lattanzio','Carlo María','Lattanzio',28,'Argentina','178 cm','74 kg','https://media.api-sports.io/football/players/6416.png',NULL,26,2),(1191,6443,'S. Rosales','José Santiago','Rosales',30,'Argentina','180 cm','75 kg','https://media.api-sports.io/football/players/6443.png',NULL,26,1),(1192,6497,'G. Bettini','Gonzalo Sebastián','Bettini',34,'Argentina','171 cm','75 kg','https://media.api-sports.io/football/players/6497.png',NULL,26,3),(1193,6564,'C. Rigamonti','César Pablo','Rigamonti',38,'Argentina','186 cm','90 kg','https://media.api-sports.io/football/players/6564.png',NULL,26,4),(1194,51765,'F. Andueza','Federico','Andueza Velazco',28,'Uruguay','191 cm','80 kg','https://media.api-sports.io/football/players/51765.png',NULL,26,3),(1195,59070,'A. Martínez','Silvio Alejandro','Martínez',28,'Argentina','171 cm','70 kg','https://media.api-sports.io/football/players/59070.png',NULL,26,2),(1196,59229,'M. Giménez','Milton','Giménez',29,'Argentina',NULL,NULL,'https://media.api-sports.io/football/players/59229.png',NULL,26,1),(1197,180290,'M. Montenegro','Mateo','Montenegro',27,'Argentina',NULL,NULL,'https://media.api-sports.io/football/players/180290.png',NULL,26,2),(1198,289436,'J. Gómez','José Amado','Gómez',25,'Argentina','173 cm','66 kg','https://media.api-sports.io/football/players/289436.png',NULL,26,3),(1199,289438,'L. Trejo','Luis Alberto','Trejo',25,'Argentina',NULL,NULL,'https://media.api-sports.io/football/players/289438.png',NULL,26,3),(1200,322933,'J. Lobelos','Julián Augusto','Lobelos',26,'Argentina','190 cm','82 kg','https://media.api-sports.io/football/players/322933.png',NULL,26,4),(1201,5333,'C. Vega','Cristian Orlando','Vega',32,'Argentina','170 cm',NULL,'https://media.api-sports.io/football/players/5333.png',NULL,26,2),(1202,6291,'A. Mehring','Andrés Ulises','Mehring',31,'Argentina','191 cm','82 kg','https://media.api-sports.io/football/players/6291.png',NULL,26,4),(1203,6593,'L. Sequeira','Leonardo Exequiel','Sequeira',30,'Argentina','178 cm','80 kg','https://media.api-sports.io/football/players/6593.png',NULL,26,1),(1204,119830,'N. Banegas','Nahuel Eugenio','Banegas',29,'Argentina',NULL,NULL,'https://media.api-sports.io/football/players/119830.png',NULL,26,3);
/*!40000 ALTER TABLE `player` ENABLE KEYS */;
UNLOCK TABLES;

--
-- Table structure for table `position`
--

DROP TABLE IF EXISTS `position`;
/*!40101 SET @saved_cs_client     = @@character_set_client */;
/*!50503 SET character_set_client = utf8mb4 */;
CREATE TABLE `position` (
  `id` int unsigned NOT NULL AUTO_INCREMENT,
  `description` varchar(255) NOT NULL,
  PRIMARY KEY (`id`),
  UNIQUE KEY `position_description_unique` (`description`)
) ENGINE=InnoDB AUTO_INCREMENT=5 DEFAULT CHARSET=utf8mb4 COLLATE=utf8mb4_0900_ai_ci;
/*!40101 SET character_set_client = @saved_cs_client */;

--
-- Dumping data for table `position`
--

LOCK TABLES `position` WRITE;
/*!40000 ALTER TABLE `position` DISABLE KEYS */;
INSERT INTO `position` VALUES (1,'Attacker'),(3,'Defender'),(4,'Goalkeeper'),(2,'Midfielder');
/*!40000 ALTER TABLE `position` ENABLE KEYS */;
UNLOCK TABLES;
/*!40103 SET TIME_ZONE=@OLD_TIME_ZONE */;

/*!40101 SET SQL_MODE=@OLD_SQL_MODE */;
/*!40014 SET FOREIGN_KEY_CHECKS=@OLD_FOREIGN_KEY_CHECKS */;
/*!40014 SET UNIQUE_CHECKS=@OLD_UNIQUE_CHECKS */;
/*!40101 SET CHARACTER_SET_CLIENT=@OLD_CHARACTER_SET_CLIENT */;
/*!40101 SET CHARACTER_SET_RESULTS=@OLD_CHARACTER_SET_RESULTS */;
/*!40101 SET COLLATION_CONNECTION=@OLD_COLLATION_CONNECTION */;
/*!40111 SET SQL_NOTES=@OLD_SQL_NOTES */;

-- Dump completed on 2025-08-12  0:06:38
